"Important policies","Approval policies","Against policies","Key issues by name","Closest matching party","Want Green to win GE",Origin,Age,"Pro nuclear","Pro GM","Practicality of financial policy","Lack of experience",Unscientific',"Animal testing","Holistic medicine",FPTP,"Brighton council","Single issue party","Forced gender leadership","Open door immigration","Favour renationalisation","Tuition fees",AGW,"Citizens income",Other
"Crime & Justice, Economy, Europe, Immigration","Health & The NHS","Crime & Justice, Economy, Europe, Immigration","Reform of the voting system","UK Independence",No,Reddit,,1,0,0,0,0,0,0,0,0,0,0,0,0,0,0,0,
"Environment, Equality, Health & The NHS, Electoral and constitutional reform","Crime & Justice, Economy, Education, Energy, Environment, Equality, Europe, Health & The NHS, Immigration, Welfare, Electoral reform",,"Fighting against state surveillance, Being internally democratic, Making fighting climate change a priority, Reform of the voting system",Green,Yes,Reddit,,1,1,1,1,1,0,0,0,0,0,0,0,0,0,0,0,
"Economy, Education, Equality, A balanced and deliverable set of policies","Crime & Justice, Culture, Education, Employment, Energy, Environment, Equality, Europe, Health & The NHS, Housing, Immigration, Welfare","Economy, Science & Technology","Fighting against corporate lobbying, Fighting against state surveillance, Being internally democratic, Making fighting climate change a priority, Reform of the voting system, Opposition to TTIP (Transatlantic Trade and Investment Partnership)","Liberal Democrats","Yes, if changes made",Reddit,,0,1,1,0,0,0,0,0,0,0,0,0,0,0,0,0,
"Education, Energy, Welfare, Promises that can reasonably be delivered","Education, Equality, Europe, Health & The NHS","Energy, Environment, Science & Technology, Them being poorly managed internally","Fighting against state surveillance",Labour,"Yes, if changes made",Reddit,,1,1,0,0,0,0,0,0,0,0,0,0,0,0,0,0,"Electing a leader every 2 years, electing a manifesto"
"Economy, Promises that can reasonably be delivered",,"Economy, Energy, Science & Technology, Welfare",,Conservatives,No,Reddit,,1,1,0,0,1,0,0,0,0,0,0,0,0,0,0,0,
"Environment, Equality, Health & The NHS, Welfare","Education, Energy, Environment, Equality, Europe, Health & The NHS, Housing, Welfare","Crime & Justice, Economy, Immigration, Science & Technology","Fighting against corporate lobbying, Being internally democratic, Making fighting climate change a priority",Labour,No,Reddit,,1,0,0,0,0,0,0,0,0,0,0,0,1,0,0,0,
"Economy, Education, Science & Technology, A balanced and deliverable set of policies","Europe, Immigration","Energy, Science & Technology",,,No,Reddit,,1,1,0,0,1,0,0,0,0,0,0,0,0,0,0,0,
"Crime & Justice, Economy, Immigration, Welfare",,,,,No,,,0,0,0,0,0,0,0,0,0,0,0,0,0,0,0,0,
"Education, Health & The NHS, Science & Technology, A balanced and deliverable set of policies","Crime & Justice, Culture, Economy, Education, Employment, Equality, Europe, Health & The NHS, Housing, Science & Technology",Energy,"Fighting against corporate lobbying, Fighting against state surveillance, Reform of the voting system, Opposition to TTIP (Transatlantic Trade and Investment Partnership)",,"Yes, if changes made",Reddit,,1,1,0,0,0,0,0,0,0,0,0,0,0,0,0,0,
"Crime & Justice, Education, Energy, Science & Technology","Health & The NHS",Environment,"They are not part of the 'establishment', A good protest vote",,No,Reddit,,0,0,0,0,0,0,0,0,0,0,0,0,0,0,0,0,
"Economy, Europe, Immigration, A balanced and deliverable set of policies",,"Crime & Justice, Economy, Education, Energy",,"UK Independence",No,Reddit,,0,0,0,0,0,0,0,0,0,0,0,0,0,0,0,0,
"A balanced and deliverable set of policies",,,,,Yes,Reddit,,1,0,0,0,0,1,1,0,0,0,0,0,0,0,0,0,"Lose the hippy image"
"Crime & Justice, Economy, A balanced and deliverable set of policies, Promises that can reasonably be delivered",Education,"Crime & Justice, Economy, Employment, Europe",,Conservatives,No,Reddit,,0,0,0,0,0,0,0,0,0,0,0,0,0,0,0,0,
"Education, Equality, Europe, Welfare","Education, Environment, Equality","Energy, Science & Technology","Fighting against corporate lobbying, Fighting against state surveillance, Being internally democratic, Making fighting climate change a priority, Reform of the voting system, Opposition to TTIP (Transatlantic Trade and Investment Partnership)",Green,"Yes, if changes made",Reddit,17,1,1,0,0,0,0,0,0,0,0,0,0,0,0,0,0,
"Equality, Health & The NHS, Science & Technology, Welfare","Crime & Justice, Culture, Economy, Education, Employment, Environment, Equality, Europe, Health & The NHS, Housing, Immigration, Science & Technology, Welfare",Nuclear,"Basic Income /Equality / Fighting corporate control",Green,Yes,Reddit,41,1,0,0,0,0,0,0,0,0,0,0,0,0,0,0,0,"Need to offend people. Greens playing 'too nice'"
"Equality, Welfare, A balanced and deliverable set of policies, Promises that can reasonably be delivered",Equality,"Energy, Science & Technology","Fighting against corporate lobbying, Reform of the voting system",,No,Reddit,25,1,1,0,0,1,0,0,0,0,0,0,0,0,0,0,0,
"Economy, Education, Health & The NHS, A balanced and deliverable set of policies","Crime & Justice, Culture, Education, Employment, Energy, Environment, Europe, Health & The NHS, Science & Technology, Welfare","Nuclear Power, Scottish Independence","Fighting against corporate lobbying, Making fighting climate change a priority","Liberal Democrats","Yes, if changes made",Reddit,23,1,0,0,0,0,0,0,0,0,0,0,0,0,0,0,0,"Scottish Independence"
,,,,"UK Independence",No,Other,,0,0,0,0,0,0,0,0,0,0,0,0,0,0,0,0,
"Economy, Science & Technology, A balanced and deliverable set of policies, Promises that can reasonably be delivered",Environment,"Economy, Energy, Equality, Health & The NHS","Fighting against state surveillance, Reform of the voting system","Liberal Democrats",No,Reddit,,1,1,0,0,0,0,0,0,0,0,0,0,0,0,0,0,"Too left wing"
"Education, Energy, Health & The NHS, Science & Technology","Crime & Justice, Culture, Economy, Education, Employment, Environment, Equality, Europe, Health & The NHS, Housing, Immigration, Welfare","Energy, Science & Technology","They are not part of the 'establishment', Fighting against corporate lobbying, Making fighting climate change a priority, Reform of the voting system",Green,Yes,Reddit,17,1,0,0,0,1,0,0,0,0,0,0,0,0,0,0,0,"Lose the hippy image, use rhetoric and show people you care. Party of the People - and show it."
"Energy, Environment, Europe, Immigration","Crime & Justice, Culture, Economy, Education, Employment, Environment, Equality, Europe, Health & The NHS, Housing, Immigration, Welfare","Energy, Science & Technology","Fighting against corporate lobbying, Making fighting climate change a priority, Reform of the voting system","Liberal Democrats",Yes,Reddit,20,1,0,0,0,1,0,0,1,0,0,0,0,0,0,0,0,
"Economy, Employment, Energy, Health & The NHS","Crime & Justice, Economy, Employment, Energy, Environment, Equality, Europe, Health & The NHS, Housing, Immigration, Welfare","Science & Technology","Fighting against corporate lobbying, Fighting against state surveillance, Being internally democratic, Making fighting climate change a priority, Reform of the voting system, Opposition to TTIP (Transatlantic Trade and Investment Partnership)",Green,"Yes, and I am a party member",,,0,0,0,0,0,0,0,0,0,0,0,0,0,0,0,0,
"Equality, Health & The NHS, Science & Technology, Welfare","Economy, Europe, Health & The NHS, Immigration","Energy, Science & Technology","They are not part of the 'establishment', Fighting against corporate lobbying, Fighting against state surveillance, Being internally democratic, Making fighting climate change a priority, Reform of the voting system, Opposition to TTIP (Transatlantic Trade and Investment Partnership)","Liberal Democrats","Yes, if changes made",Reddit,21,1,1,0,0,0,0,0,0,0,0,0,0,0,0,0,0,
"Economy, Energy, Europe, Housing",Equality,"Economy, Energy, Environment, Pensions","Reform of the voting system","UK Independence",No,Reddit,-1,0,0,0,0,0,0,0,0,0,0,0,0,0,0,0,0,
"Culture, Energy, Europe, Immigration",Europe,"Employment, Energy, Equality, Welfare","Fighting against Nuclear Power","UK Independence",No,Reddit,19,1,0,0,0,0,0,0,0,1,0,0,0,0,0,0,0,
"Employment, Welfare, A balanced and deliverable set of policies, Promises that can reasonably be delivered","Culture, Equality, Europe, Welfare","Culture, Environment, Housing, Science & Technology","Fighting against corporate lobbying, Being internally democratic, Opposition to TTIP (Transatlantic Trade and Investment Partnership)",Labour,Yes,Reddit,21,1,1,0,0,0,0,0,0,0,0,0,0,0,0,0,0,"Need to address unemployment directly."
"Economy, Equality, Science & Technology, Welfare",,Energy,"Being internally democratic, Making fighting climate change a priority, Reform of the voting system","Liberal Democrats","Yes, if changes made",Reddit,25,1,1,0,0,1,0,0,0,0,0,0,0,0,0,1,0,
"Crime & Justice, Economy, Immigration, Reform of the political system",,"Crime & Justice, Economy, Immigration, Welfare","Being internally democratic","UK Independence",No,Reddit,24,0,0,1,0,0,0,0,0,0,0,0,0,0,0,0,0,
"Employment, Equality, Health & The NHS, Science & Technology","Culture, Equality, Health & The NHS, Housing","Energy, Environment","Fighting against corporate lobbying, Fighting against state surveillance, Opposition to TTIP (Transatlantic Trade and Investment Partnership)",Labour,"Yes, if changes made",Reddit,60,0,0,0,0,0,0,0,0,0,0,0,0,0,0,0,0,
"Employment, Environment, Equality, Welfare","Employment, Environment, Science & Technology, Welfare",,"Fighting against state surveillance, Being internally democratic, Making fighting climate change a priority","Liberal Democrats","Yes, if changes made",Reddit,,0,0,0,0,0,0,0,0,0,0,0,0,0,0,0,0,
"Economy, Equality, Europe, Welfare","Energy, Equality, Europe","Economy, Environment","Reform of the voting system, A good protest vote",,"Yes, if changes made",Reddit,19,1,0,1,0,0,0,0,0,0,0,0,0,0,0,0,0,
"Employment, Environment, Equality, Promises that can reasonably be delivered","Education, Environment, Health & The NHS","Energy, Equality, Science & Technology","Fighting against corporate lobbying, Fighting against state surveillance, Opposition to TTIP (Transatlantic Trade and Investment Partnership)","Liberal Democrats",No,,25,0,0,0,0,0,0,0,0,0,0,0,0,0,0,0,0,"Against: Anti-business"
"Economy, Energy, Health & The NHS, Welfare","Energy, Environment, Health & The NHS, Science & Technology",,"Fighting against corporate lobbying, Reform of the voting system","Scottish Nationals",Yes,Reddit,27,0,0,0,0,0,0,0,0,0,0,0,0,0,0,0,0,
"Health & The NHS, Science & Technology, Welfare, A balanced and deliverable set of policies",,,"Fighting against corporate lobbying, Fighting against state surveillance, Being internally democratic, Opposition to TTIP (Transatlantic Trade and Investment Partnership)","Liberal Democrats",No,Reddit,23,0,0,0,1,0,0,0,0,0,1,0,0,0,0,0,0,
"Economy, Energy, Environment, Science & Technology","Culture, Education, Energy, Environment","Science & Technology","Fighting against corporate lobbying, Fighting against state surveillance, Making fighting climate change a priority, Reform of the voting system",Green,Yes,Reddit,21,1,1,0,0,0,0,0,0,0,0,0,0,0,0,0,0,"For: Decriminalisation of cannabis"
"Economy, Education, Environment, Health & The NHS","Environment, Health & The NHS, Housing, Transport",,"Being internally democratic, Making fighting climate change a priority, A good protest vote, Opposition to TTIP (Transatlantic Trade and Investment Partnership)",Green,Yes,Reddit,22,1,0,0,0,0,0,0,0,0,0,0,0,0,0,0,0,
"Crime & Justice, Economy, Equality, Science & Technology","Culture, Equality, Immigration, Welfare","Energy, Environment, Health & The NHS, Science & Technology","Fighting against state surveillance, Reform of the voting system","Liberal Democrats","Yes, if changes made",Reddit,24,1,0,0,0,1,0,1,0,0,0,0,0,0,0,0,0,
"Education, Equality, Welfare, A balanced and deliverable set of policies","Culture, Economy, Education, Energy, Environment, Equality, Europe, Health & The NHS, Science & Technology, Welfare",,"Fighting against corporate lobbying, Fighting against state surveillance, Making fighting climate change a priority, Reform of the voting system",Green,Yes,Reddit,19,0,0,0,0,0,0,0,0,0,0,0,0,0,0,0,0,
"Education, Employment, Health & The NHS, Science & Technology","Environment, Equality, Europe, Health & The NHS","Economy, Energy, Immigration, Science & Technology","Fighting against state surveillance",,"Yes, if changes made",Reddit,17,1,1,0,0,1,0,0,0,0,0,0,0,0,0,0,0,
"Economy, Employment, Science & Technology, Promises that can reasonably be delivered","Crime & Justice, Economy, Welfare",Energy,"Fighting against corporate lobbying, Reform of the voting system","Liberal Democrats",Yes,Reddit,26,0,0,0,0,0,0,0,0,0,0,0,0,0,0,0,0,
"Culture, Equality, Health & The NHS, Science & Technology","Culture, Environment, Equality, Health & The NHS","Energy, Science & Technology","Reform of the voting system",Green,No,Reddit,21,1,0,0,1,0,0,0,0,0,0,0,0,0,0,0,0,
"Economy, Employment, Health & The NHS, Science & Technology","Employment, Equality, Health & The NHS, Science & Technology",,"Reform of the voting system",,Yes,Reddit,,0,0,0,0,0,0,0,0,0,0,0,0,0,0,0,0,
"Economy, Employment, Environment, Equality","Crime & Justice, Economy, Education, Employment, Energy, Environment, Equality, Europe, Health & The NHS, Housing, Immigration, Welfare","Science & Technology","Fighting against corporate lobbying, Making fighting climate change a priority, Reform of the voting system, Opposition to TTIP (Transatlantic Trade and Investment Partnership)",Green,Yes,Reddit,22,1,1,0,0,0,0,0,0,0,0,0,0,0,0,0,0,
"A balanced and deliverable set of policies, Promises that can reasonably be delivered","Energy, Environment, Europe",,"Fighting against corporate lobbying",Green,Yes,Reddit,35,0,0,0,0,0,0,0,0,0,0,0,0,0,0,0,0,"Against: Trident"
"Environment, Europe, Health & The NHS, Science & Technology",Education,,"They are not part of the 'establishment', Making fighting climate change a priority, A good protest vote",,No,Reddit,20,1,0,0,1,0,0,0,0,0,0,0,0,0,0,0,0,
Economy,Environment,"Economy, Europe, Immigration","Reform of the voting system","UK Independence",No,Reddit,25,0,0,1,0,0,0,0,0,0,0,0,0,0,0,0,0,
"Economy, Education, Health & The NHS, Science & Technology","Crime & Justice, Europe, Health & The NHS",Energy,"Reform of the voting system, Opposition to TTIP (Transatlantic Trade and Investment Partnership)","Liberal Democrats",No,Reddit,15,1,0,0,0,0,0,0,0,0,0,0,0,0,0,0,0,"Coalition with Lib Dems"
"Economy, Education, Environment, Health & The NHS","Crime & Justice, Culture, Economy, Education, Employment, Environment, Equality, Europe, Health & The NHS, Housing, Immigration, Science & Technology, Welfare","Energy, Negative views on GM crops","Fighting against corporate lobbying, Making fighting climate change a priority",Labour,No,Reddit,19,1,1,0,0,1,0,0,0,0,0,0,0,0,0,0,0,
"Education, Equality, Health & The NHS, Welfare","Crime & Justice, Culture, Economy, Education, Employment, Energy, Environment, Equality, Europe, Health & The NHS, Housing, Immigration, Science & Technology, Welfare",,"They are not part of the 'establishment', Fighting against corporate lobbying, Fighting against state surveillance, Being internally democratic, Reform of the voting system, A good protest vote","Liberal Democrats",Yes,Reddit,21,0,0,0,0,0,0,0,0,0,0,0,0,0,0,0,0,"Against: BDS"
"Economy, Energy, Health & The NHS, Welfare","Crime & Justice, Culture, Economy, Education, Employment, Environment, Equality, Europe, Health & The NHS, Housing, Immigration, Welfare","Energy, Science & Technology","They are not part of the 'establishment', Fighting against corporate lobbying, Fighting against state surveillance, Being internally democratic, Making fighting climate change a priority, Reform of the voting system, Opposition to TTIP (Transatlantic Trade and Investment Partnership)","Scottish Nationals","Yes, if changes made",Reddit,22,0,0,0,0,0,0,0,0,0,0,0,0,0,0,0,0,
"Economy, Employment, Housing, Immigration","Europe, Housing","Energy, Equality, Immigration, Science & Technology",,,No,Reddit,20,1,1,1,0,1,1,0,0,0,0,0,1,0,0,0,0,"Against: Too far left, too much beaurocracy (right to appeal on failing employment)"
"Economy, Education, Health & The NHS, Welfare","Education, Energy, Environment, Europe, Health & The NHS",,"They are not part of the 'establishment', Fighting against corporate lobbying, Fighting against state surveillance, Being internally democratic, Making fighting climate change a priority, Reform of the voting system, Opposition to TTIP (Transatlantic Trade and Investment Partnership)",Green,Yes,Reddit,18,0,0,0,0,0,0,0,0,0,0,1,0,1,1,0,0,
"Economy, Energy, Europe, Science & Technology",,Energy,"Making fighting climate change a priority, Reform of the voting system","Liberal Democrats",No,Twitter,25,1,1,0,1,1,0,0,0,0,0,0,0,0,0,1,0,
"Energy, Environment, Health & The NHS, Science & Technology","Economy, Education, Employment, Energy, Environment, Equality, Europe, Health & The NHS, Housing, Immigration, Science & Technology, Welfare","Crime & Justice","Making fighting climate change a priority",Green,Yes,Reddit,30,0,0,0,0,0,0,0,0,0,0,0,0,0,0,1,0,
"Employment, Energy, Health & The NHS, Welfare","Crime & Justice, Culture, Economy, Education, Employment, Energy, Environment, Equality, Europe, Health & The NHS, Housing, Immigration, Science & Technology, Welfare",,"They are not part of the 'establishment', Fighting against corporate lobbying, Making fighting climate change a priority, Reform of the voting system, A good protest vote",Labour,Yes,Reddit,19,0,0,0,0,0,0,0,0,0,0,0,0,0,0,0,0,
"Energy, Environment, Housing, Welfare","Environment, Europe","Energy, Science & Technology","They are not part of the 'establishment', Fighting against corporate lobbying, Fighting against state surveillance, Being internally democratic, Making fighting climate change a priority, Reform of the voting system, A good protest vote, Opposition to TTIP (Transatlantic Trade and Investment Partnership)",Green,Yes,Reddit,21,0,0,0,0,0,0,0,0,0,0,0,0,0,0,0,0,
"Economy, Employment, Health & The NHS, Welfare","Economy, Education, Energy, Environment, Health & The NHS, Housing, Welfare","Employment, Equality, Europe, Immigration","Fighting against state surveillance, Reform of the voting system",Labour,Yes,Reddit,21,0,0,0,0,0,0,0,0,0,0,1,0,0,0,0,0,"For: End of austerity, Positive Money"
"Economy, Education, A balanced and deliverable set of policies, Promises that can reasonably be delivered",,"Crime & Justice, Economy, Europe, Immigration","Fighting against state surveillance, Being internally democratic",Conservatives,No,Other,20,1,1,0,0,1,0,0,0,0,0,0,0,0,0,0,0,"Against: Eurofederalism"
"Economy, Environment, Health & The NHS, Welfare","Crime & Justice, Culture, Economy, Education, Employment, Environment, Equality, Europe, Health & The NHS, Housing, Immigration, Welfare","Energy, Science & Technology","Fighting against state surveillance, Being internally democratic, Making fighting climate change a priority, Reform of the voting system, Opposition to TTIP (Transatlantic Trade and Investment Partnership)",Green,No,Reddit,,1,0,0,1,0,0,0,0,0,0,0,0,0,0,0,0,
"Economy, Employment, Health & The NHS, Promises that can reasonably be delivered","Public Administration & Government","Europe, Science & Technology","Fighting against corporate lobbying, Reform of the voting system","Liberal Democrats",No,Reddit,20,1,1,0,0,0,0,0,0,0,0,0,0,0,0,0,0,"Against: Trident"
"Crime & Justice, Economy, Education, Civil Liberties",,"Economy, Energy, Equality, Welfare","Fighting against corporate lobbying, Fighting against state surveillance","UK Independence",No,Reddit,30,0,0,0,0,0,0,0,0,1,0,0,0,0,0,0,0,"Against: Too left wing"
"Education, Equality, Health & The NHS, Welfare","Crime & Justice, Economy, Equality, Europe, Health & The NHS, Housing, Immigration, Welfare","Energy, Environment, Science & Technology","Fighting against corporate lobbying, Fighting against state surveillance, Making fighting climate change a priority, Reform of the voting system, Opposition to TTIP (Transatlantic Trade and Investment Partnership)",Green,Yes,,22,1,1,0,0,0,0,0,1,0,0,0,0,0,0,0,0,
"Crime & Justice, Economy, Health & The NHS, Science & Technology","Crime & Justice, Economy, Education, Equality, Europe, Health & The NHS, Immigration, Welfare","Energy, Science & Technology","Fighting against state surveillance, Being internally democratic, Making fighting climate change a priority, Reform of the voting system","Liberal Democrats",No,Reddit,19,0,0,0,0,0,0,0,0,0,0,0,0,0,0,0,0,
"Energy, Europe, Immigration, Science & Technology","Transport (HS2)","Energy, Environment, Europe, Immigration","Being internally democratic, Reform of the voting system","UK Independence",No,Reddit,19,1,1,0,0,0,0,0,0,0,0,0,1,0,0,0,0,
"Economy, Europe, Housing, Immigration","Health & The NHS, Science & Technology","Culture, Energy, Europe, Immigration","Fighting against corporate lobbying, Fighting against state surveillance","UK Independence",No,Reddit,19,0,0,0,0,0,0,0,0,0,0,0,0,0,0,0,0,"Tree hugging image"
"Education, Europe, Health & The NHS, A balanced and deliverable set of policies","Europe, Health & The NHS, Housing, Immigration","Energy, GM crops + Stance on Trident weapons systems","Fighting against corporate lobbying, Fighting against state surveillance",Labour,Yes,Reddit,20,1,1,0,0,0,0,0,0,0,0,0,0,0,0,0,0,"Against: Trident"
"Economy, Europe, Science & Technology, A balanced and deliverable set of policies",,"Economy, Energy, Europe, Science & Technology",,Conservatives,No,Reddit,0,1,1,1,1,0,0,0,0,0,0,0,0,0,0,0,0,
"Environment, Health & The NHS, Science & Technology, Welfare","Crime & Justice, Culture, Economy, Education, Employment, Environment, Equality, Europe, Health & The NHS, Housing, Immigration, Welfare","Energy, Europe, Science & Technology","Fighting against corporate lobbying, Fighting against state surveillance, Being internally democratic, Making fighting climate change a priority, Reform of the voting system, Opposition to TTIP (Transatlantic Trade and Investment Partnership)",Green,Yes,Reddit,23,1,1,0,0,0,0,0,0,0,0,0,0,0,0,0,0,
"Economy, Energy, Health & The NHS, Defence/Foreign Policy",Europe,"Defence/Foreign Policy","A good protest vote","Liberal Democrats",No,Reddit,21,1,0,1,0,0,0,0,1,0,0,0,0,0,0,0,0,
"Equality, Immigration, Welfare, democracy","Environment, Equality, Immigration",,"Fighting against corporate lobbying, Fighting against state surveillance, Reform of the voting system, Opposition to TTIP (Transatlantic Trade and Investment Partnership)",Green,Yes,Reddit,25,1,0,1,0,0,0,0,0,0,0,0,0,0,0,0,0,
"Economy, Environment, Science & Technology, Welfare","Economy, Environment, Europe, Health & The NHS, Housing, Immigration, Welfare","Energy, Science & Technology","Making fighting climate change a priority, Reform of the voting system",Green,"Yes, if changes made",Reddit,,1,1,0,0,0,0,0,0,0,0,0,0,1,0,0,1,
"Education, Environment, Equality, Science & Technology","Culture, Education, Environment, Equality","Science & Technology","They are not part of the 'establishment', Fighting against state surveillance, Making fighting climate change a priority, Reform of the voting system",Green,Yes,Reddit,,1,0,0,0,0,0,1,0,0,0,0,0,0,0,0,0,
"Crime & Justice, Education, Europe, Immigration",,"Energy, Environment, Europe, Immigration","They are not part of the 'establishment', Fighting against state surveillance","UK Independence",No,Reddit,17,1,0,0,0,0,0,0,0,0,0,0,0,0,0,0,0,
"Economy, Europe, Welfare, A balanced and deliverable set of policies",Welfare,"Economy, Energy, Europe",,Conservatives,No,Reddit,24,0,0,1,0,1,0,0,0,0,0,0,0,0,0,0,0,
"Education, Equality, Health & The NHS, Welfare","Crime & Justice, Economy, Education, Equality, Europe, Health & The NHS, Housing, Welfare","Energy, Science & Technology","Fighting against corporate lobbying, Fighting against state surveillance, Opposition to TTIP (Transatlantic Trade and Investment Partnership)",Green,Yes,Reddit,22,1,1,0,0,0,0,0,0,0,0,0,0,1,0,0,0,
"Environment, Equality, Europe, Constitutional Reform","Environment, Equality, Europe, Immigration",Energy,"Fighting against corporate lobbying, Fighting against state surveillance, Being internally democratic, Making fighting climate change a priority, Reform of the voting system",Green,Yes,Reddit,22,0,0,0,0,0,0,0,0,0,0,0,0,0,0,0,0,
"Economy, Energy, Environment, Europe","Economy, Employment, Energy, Environment, Equality, Europe, Health & The NHS, Immigration","Science & Technology","Fighting against state surveillance, Being internally democratic, Making fighting climate change a priority, Reform of the voting system, Opposition to TTIP (Transatlantic Trade and Investment Partnership)",Green,Yes,Reddit,18,1,1,0,0,0,0,0,0,0,0,0,0,0,0,1,0,
"Economy, Employment, Equality, Health & The NHS","Employment, Equality, Europe, Health & The NHS, Welfare","Energy, Environment, Immigration, Science & Technology","Fighting against corporate lobbying, Fighting against state surveillance, Opposition to TTIP (Transatlantic Trade and Investment Partnership)",Labour,No,Reddit,22,1,0,0,0,0,0,0,0,0,0,0,1,1,0,0,0,Thorium
"Crime & Justice, Education, Equality, A balanced and deliverable set of policies","Crime & Justice, Culture, Economy, Education, Employment, Energy, Environment, Equality, Europe, Health & The NHS, Housing, Immigration, Science & Technology, Welfare",,"Fighting against corporate lobbying, Fighting against state surveillance, Making fighting climate change a priority, Reform of the voting system",Green,Yes,Reddit,18,0,0,0,0,0,0,0,0,0,0,0,0,0,0,0,0,
"Education, Environment, Health & The NHS, Welfare","Crime & Justice, Culture, Economy, Education, Employment, Energy, Environment, Equality, Europe, Health & The NHS, Housing, Immigration, Science & Technology, Welfare",,"Fighting against corporate lobbying, Fighting against state surveillance, Making fighting climate change a priority, Reform of the voting system","Plaid Cymru",Yes,,,0,0,0,0,0,0,0,0,0,0,0,0,0,0,0,0,
"Employment, Energy, Housing, Science & Technology","Crime & Justice, Culture, Economy, Education, Employment, Environment, Equality, Health & The NHS, Science & Technology, Welfare",Energy,"Fighting against state surveillance, Making fighting climate change a priority",Labour,"Yes, if changes made",,,0,0,0,0,0,0,0,0,0,0,0,0,0,0,0,0,
"Equality, Health & The NHS, Housing, A balanced and deliverable set of policies","Equality, Europe","Energy, Health & The NHS, Science & Technology","Fighting against state surveillance",Green,"Yes, if changes made",Reddit,30,1,1,0,0,0,0,1,0,0,0,0,0,0,0,0,0,
"Energy, Environment, Equality, Health & The NHS","Energy, Environment, Equality, Europe, Health & The NHS","Economy, Science & Technology","Making fighting climate change a priority, Reform of the voting system, A good protest vote","Liberal Democrats",Yes,Reddit,23,1,1,0,0,1,0,0,0,0,0,0,0,0,0,0,0,
"Economy, Education, Science & Technology, Govt expenditure",,,"Fighting against state surveillance","UK Independence",No,Facebook,31,1,0,0,0,0,0,0,0,0,0,0,0,0,0,0,0,"Tree hugging"
"Education, Energy, Science & Technology, Promises that can reasonably be delivered","Economy, Education, Energy, Environment, Science & Technology","Opposition of GM foods","They are not part of the 'establishment', Being internally democratic, Making fighting climate change a priority",Green,"Yes, if changes made",Reddit,20,0,1,0,0,0,0,1,0,0,0,0,0,0,0,0,0,
"Economy, Environment, Europe, Welfare","Culture, Europe, Immigration","Energy, Science & Technology","Reform of the voting system","Liberal Democrats",No,Reddit,21,1,0,0,1,0,1,1,0,0,0,0,0,0,0,0,0,
"Economy, Education, Science & Technology, A balanced and deliverable set of policies","Crime & Justice, Culture, Economy, Education, Employment, Environment, Equality, Europe, Health & The NHS, Housing, Welfare","Energy, Immigration, Science & Technology","They are not part of the 'establishment', Making fighting climate change a priority, Reform of the voting system",,"Yes, if changes made",Reddit,19,1,1,0,0,0,0,0,0,0,0,0,1,0,0,0,0,
"Education, Equality, Health & The NHS, Welfare","Immigration, Welfare",Energy,"They are not part of the 'establishment', Fighting against state surveillance, A good protest vote",Green,Yes,Reddit,18,1,0,0,0,0,0,0,0,0,0,0,0,0,0,0,0,
"Education, Europe, Health & The NHS, Welfare","Crime & Justice, Culture, Economy, Education, Employment, Environment, Equality, Europe, Health & The NHS, Housing, Immigration, Welfare","Energy, Science & Technology","Fighting against corporate lobbying, Fighting against state surveillance, Reform of the voting system",Green,Yes,Reddit,,1,0,0,0,0,0,0,0,0,0,0,0,0,0,0,1,
"Economy, Education, Environment, Health & The NHS","Crime & Justice, Education, Employment, Environment, Equality, Europe, Health & The NHS, Housing","Economy, Energy, Immigration, Science & Technology","Fighting against corporate lobbying, Fighting against state surveillance, Being internally democratic, Making fighting climate change a priority, Opposition to TTIP (Transatlantic Trade and Investment Partnership)","Liberal Democrats","Yes, if changes made",Reddit,15,1,0,0,0,0,0,0,0,0,0,0,1,0,0,0,0,
"Culture, Economy, Education, Employment","Crime & Justice, Education, Health & The NHS, Science & Technology","Energy, Environment, Equality, Europe","Fighting against corporate lobbying, Being internally democratic","UK Independence",No,Reddit,33,0,0,0,0,0,0,0,0,0,0,0,0,0,0,0,0,
"Economy, Employment, Europe, Immigration",,"Environment, Equality","Fighting against corporate lobbying","UK Independence",No,Reddit,21,0,0,0,0,0,0,0,0,0,0,0,0,0,0,0,0,
"Economy, Science & Technology, Promises that can reasonably be delivered, Tolerance","Education, Environment, Europe, Science & Technology","Energy, Equality","They are not part of the 'establishment', Fighting against corporate lobbying, Fighting against state surveillance, Being internally democratic, Reform of the voting system, A good protest vote",,Yes,Reddit,,0,0,1,0,0,0,0,0,0,0,0,0,0,0,0,0,
"Economy, Employment, A balanced and deliverable set of policies, Promises that can reasonably be delivered","Education, Europe","Crime & Justice, Energy, Environment, Immigration",,"Liberal Democrats",No,Reddit,23,1,0,0,0,0,0,0,0,0,0,0,0,0,0,0,0,"Unrealistic policies"
"Economy, Europe, Science & Technology, Scottish independence","Crime & Justice, Culture, Economy, Education, Employment, Energy, Environment, Equality, Europe, Health & The NHS, Immigration, Science & Technology, Welfare",,"Fighting against corporate lobbying","Scottish Nationals",Yes,Reddit,18,0,0,0,0,0,0,0,0,0,0,0,0,0,0,0,0,
"Crime & Justice, Economy, Education, Employment","Crime & Justice, Culture, Economy, Education, Employment, Environment, Equality, Europe, Health & The NHS, Housing, Immigration, Science & Technology, Welfare",Energy,"They are not part of the 'establishment', Fighting against corporate lobbying, Fighting against state surveillance, Being internally democratic, Making fighting climate change a priority, Reform of the voting system, A good protest vote, Opposition to TTIP (Transatlantic Trade and Investment Partnership)",Green,Yes,Reddit,22,1,0,0,0,1,0,0,0,0,0,0,0,0,0,0,0,"Reach out to Russel Brand's web series (The Trews) and reach disenfranchised voters"
"Economy, Education, Europe, Promises that can reasonably be delivered","Crime & Justice, Immigration","Economy, Employment, Energy, Environment","They are not part of the 'establishment', Fighting against state surveillance, Reform of the voting system",Conservatives,"Yes, if changes made",Reddit,18,1,1,1,0,0,0,0,0,0,0,0,0,0,0,0,0,"Pro: Legalisation"
"Economy, Education, Energy, Health & The NHS","Education, Health & The NHS, Immigration, Welfare","Energy, Environment, Health & The NHS","Being internally democratic, Reform of the voting system",Labour,No,Reddit,18,0,0,0,1,0,0,0,0,0,0,0,0,0,0,0,0,
"Economy, Employment, Housing, Science & Technology",,,"Fighting against corporate lobbying, Fighting against state surveillance, Opposition to TTIP (Transatlantic Trade and Investment Partnership)",Green,Yes,Reddit,28,0,0,0,0,0,0,0,0,0,0,0,0,0,0,0,0,
"Economy, Energy, Environment, ending prohibition of hemp/cannabis","Crime & Justice, Culture, Economy, Education, Employment, Energy, Environment, Equality, Europe, Health & The NHS, Housing, Immigration, Science & Technology, Welfare, cannabis",,"Fighting against corporate lobbying, Fighting against state surveillance, Being internally democratic, Making fighting climate change a priority, Reform of the voting system, A good protest vote, prohibition",Green,Yes,Twitter,68,0,0,0,0,0,0,0,0,0,0,0,0,0,0,0,0,
"Economy, Education, Equality, Europe","Education, Equality, Health & The NHS, Welfare","Energy, Europe, Science & Technology","Fighting against corporate lobbying, Being internally democratic, Making fighting climate change a priority, Reform of the voting system, A good protest vote",Green,Yes,Reddit,18,0,0,0,0,0,0,0,0,0,0,0,0,0,0,0,0,
"Economy, Environment, Equality, Science & Technology","Crime & Justice, Culture, Economy, Education, Employment, Environment, Equality, Europe, Health & The NHS, Housing, Immigration, Welfare","Energy, Science & Technology","Fighting against corporate lobbying, Fighting against state surveillance, Being internally democratic, Making fighting climate change a priority, Reform of the voting system, Opposition to TTIP (Transatlantic Trade and Investment Partnership)",Green,No,Reddit,25,1,1,0,1,0,0,0,0,0,0,0,0,0,0,0,0,Coalition
"Economy, Energy, Housing, Science & Technology","Crime & Justice, Culture, Economy, Education, Employment, Energy, Environment, Equality, Europe, Health & The NHS, Housing, Science & Technology, Welfare",Immigration,"Fighting against corporate lobbying, Making fighting climate change a priority, Reform of the voting system, Opposition to TTIP (Transatlantic Trade and Investment Partnership)",Green,Yes,Reddit,,0,0,0,0,0,0,0,0,0,0,0,0,0,0,0,0,
"Crime & Justice, Economy, Health & The NHS, Science & Technology",,,"Reform of the voting system","Liberal Democrats",No,Reddit,26,0,0,0,0,0,0,0,0,0,0,0,0,0,0,0,0,
"Culture, Economy, Health & The NHS, Science & Technology",,,"Fighting against corporate lobbying, Being internally democratic, Reform of the voting system",,No,,,0,0,0,0,0,0,0,0,0,0,0,0,0,0,0,0,
"Education, Environment, Equality, Health & The NHS",,,,Labour,Yes,Reddit,36,1,0,0,0,0,0,0,0,0,0,0,0,0,0,0,0,
"Economy, Energy, Environment, Science & Technology","Crime & Justice, Education, Environment, Health & The NHS","Energy, Immigration, Science & Technology","Reform of the voting system","Liberal Democrats","Yes, if changes made",Reddit,33,1,1,0,0,1,0,0,0,0,0,0,1,0,0,0,0,
"Economy, Education, Employment, Health & The NHS","Education, Energy, Europe, Health & The NHS",,"They are not part of the 'establishment', Fighting against corporate lobbying, Fighting against state surveillance, Opposition to TTIP (Transatlantic Trade and Investment Partnership)",Labour,"Yes, if changes made",Reddit,25,0,0,0,0,0,0,0,0,0,0,0,0,0,0,0,0,
"Culture, Employment, Europe, Immigration",,"Energy, Europe, Immigration, Science & Technology",,"UK Independence",No,Reddit,21,0,0,0,0,0,0,0,0,0,0,0,0,0,0,0,0,
"Immigration, Science & Technology",,"Energy, Environment, Immigration, Science & Technology",,Labour,"Yes, if changes made",Reddit,32,1,1,0,0,0,0,0,0,0,0,0,1,0,0,0,0,
"Education, Energy, Health & The NHS, Science & Technology","Health & The NHS, Science & Technology","Education, Energy",,Labour,"Yes, if changes made",Reddit,,1,0,0,0,0,0,0,0,0,0,0,0,0,0,0,0,"Pro: Increased science funding"
"Education, Environment, Europe, Health & The NHS","Environment, Europe, Health & The NHS, Science & Technology","No nuclear power and GM crops","Fighting against state surveillance, Making fighting climate change a priority, Reform of the voting system","Liberal Democrats",Yes,Reddit,14,1,1,0,0,0,0,0,0,0,0,0,0,0,0,0,0,
"Economy, Education, Health & The NHS, Welfare","Crime & Justice, Economy, Environment, Equality, Health & The NHS, Science & Technology",Energy,,"Scottish Nationals",Yes,Reddit,33,1,1,0,0,0,0,0,0,0,0,0,0,0,0,0,0,
"Economy, Environment, Equality, Health & The NHS","Crime & Justice, Culture, Economy, Education, Employment, Energy, Environment, Equality, Europe, Health & The NHS, Housing, Immigration, Science & Technology, Welfare",,"Fighting against corporate lobbying, Being internally democratic, Making fighting climate change a priority, Reform of the voting system, Opposition to TTIP (Transatlantic Trade and Investment Partnership)",Green,Yes,Reddit,19,0,0,0,0,0,0,0,0,0,0,0,0,0,0,0,0,
"Environment, Europe, Health & The NHS, Welfare",,,"Fighting against corporate lobbying",Green,Yes,Reddit,52,0,0,0,0,0,0,0,0,0,0,0,0,0,0,0,0,
"Economy, Energy, Environment, Health & The NHS","Economy, Education, Environment, Equality, Europe, Health & The NHS, Immigration, Science & Technology","Energy, Welfare","Fighting against corporate lobbying, Fighting against state surveillance, Being internally democratic",Green,Yes,Reddit,25,1,0,0,0,1,0,0,0,0,0,0,1,0,0,0,0,
"Economy, Employment, Europe, Welfare",Immigration,"Economy, Employment, Europe, Welfare","They are not part of the 'establishment', Fighting against state surveillance, A good protest vote",Conservatives,No,Reddit,24,0,0,1,0,0,0,0,0,0,0,0,0,0,0,0,0,
"Economy, Energy, Science & Technology, Promises that can reasonably be delivered","Environment, Equality, Health & The NHS","Economy, Education, Energy","Being internally democratic, Making fighting climate change a priority","Liberal Democrats","Yes, if changes made",Reddit,22,1,0,0,0,0,0,0,0,0,0,0,0,0,0,0,0,
"Economy, Education, Health & The NHS, Science & Technology","Education, Energy, Equality, Health & The NHS","Economy, Housing","They are not part of the 'establishment', Fighting against state surveillance","Liberal Democrats",Yes,Reddit,18,0,0,0,0,0,0,0,0,0,1,0,0,0,0,0,0,
"Education, Environment, Equality, Science & Technology","Crime & Justice, Culture, Economy, Education, Employment, Energy, Environment, Equality, Europe, Health & The NHS, Housing, Immigration, Science & Technology, Welfare",,"Fighting against corporate lobbying, Fighting against state surveillance, Being internally democratic, Making fighting climate change a priority, Reform of the voting system",Green,"Yes, and I am a party member",Reddit,25,0,0,0,0,0,0,0,0,0,0,0,0,0,0,0,0,
"Environment, Equality, A balanced and deliverable set of policies, Promises that can reasonably be delivered","Crime & Justice, Culture, Economy, Education, Employment, Environment, Equality, Europe, Health & The NHS, Housing, Immigration, Welfare","Energy, Science & Technology","Fighting against corporate lobbying, Making fighting climate change a priority",Labour,Yes,Reddit,43,1,1,0,0,1,0,0,0,0,0,0,0,0,0,0,0,
"Equality, Health & The NHS, Welfare, A balanced and deliverable set of policies","Economy, Equality, Welfare","Energy, Environment, Science & Technology","Fighting against corporate lobbying, Opposition to TTIP (Transatlantic Trade and Investment Partnership)",Green,No,Reddit,,1,1,0,1,0,0,0,0,0,0,0,0,0,0,0,0,
"Economy, Education, A balanced and deliverable set of policies, Promises that can reasonably be delivered",,,"Fighting against state surveillance, Reform of the voting system",Green,"Yes, if changes made",Reddit,22,1,0,0,0,0,0,0,0,0,1,0,0,0,0,0,0,"Hippy;Be more vocal, the Europe campaign 'really validated the party for me'."
"Education, Energy, Environment, Science & Technology","Crime & Justice, Culture, Economy, Education, Employment, Equality, Europe, Health & The NHS, Housing, Immigration, Welfare","Energy, Environment, Science & Technology","Fighting against corporate lobbying, Fighting against state surveillance, Making fighting climate change a priority, Reform of the voting system, Opposition to TTIP (Transatlantic Trade and Investment Partnership)",Green,"Yes, if changes made",Reddit,23,1,1,0,0,0,0,0,0,0,0,0,0,0,0,0,0,
"Economy, Employment, Health & The NHS, Immigration",,"Energy, Immigration, Science & Technology","Reform of the voting system",Labour,No,Reddit,-29,1,0,0,0,0,0,0,0,0,0,0,0,0,0,0,0,
"Economy, Housing, Promises that can reasonably be delivered",,"Economy, Environment, Housing, All of the above","Reform of the voting system","UK Independence",No,Reddit,30,0,0,1,0,0,0,0,0,0,0,0,0,0,0,0,0,
"Education, Equality, Health & The NHS, Welfare","Crime & Justice, Economy, Education, Employment, Equality, Health & The NHS, Housing, Welfare","Science & Technology","Fighting against corporate lobbying, Making fighting climate change a priority, Reform of the voting system, A good protest vote",Green,Yes,Reddit,,1,1,0,0,0,0,0,0,0,0,0,0,0,0,0,0,
"Culture, Economy, Environment, Science & Technology","Crime & Justice, Culture, Education, Employment, Energy, Environment, Equality, Europe, Health & The NHS, Housing, Welfare","Immigration, Science & Technology","They are not part of the 'establishment', Fighting against corporate lobbying, Being internally democratic, Making fighting climate change a priority, A good protest vote, Opposition to TTIP (Transatlantic Trade and Investment Partnership)",Conservatives,"Yes, if changes made",Reddit,18,1,1,0,0,0,0,0,0,0,0,0,0,0,0,0,0,
"Economy, Education, Health & The NHS, Welfare","Education, Europe, Health & The NHS, Welfare","Crime & Justice, Economy, Energy, Environment","Fighting against corporate lobbying, Fighting against state surveillance, Being internally democratic, Reform of the voting system","Liberal Democrats","Yes, if changes made",,,0,0,0,0,0,0,0,0,0,0,0,0,0,0,0,0,
"Culture, Economy, Immigration",,"Crime & Justice, Culture, Immigration, Welfare",,"UK Independence",No,Reddit,32,0,0,0,0,0,0,0,0,0,0,0,0,0,0,0,0,
"Education, Environment, Health & The NHS, Welfare","Crime & Justice, Education, Environment, Welfare, ""Peace & Defence""","Immigration, ""Children and Families""",,Labour,Yes,Reddit,36,0,0,0,0,0,0,0,0,0,0,0,1,0,0,0,1,"Pro: Education"
"Economy, Education, Health & The NHS, Housing","Crime & Justice, Culture, Economy, Education, Employment, Energy, Equality, Europe, Health & The NHS, Housing, Immigration, Welfare","Environment, Science & Technology","Fighting against corporate lobbying, Reform of the voting system",Green,Yes,Reddit,23,1,1,0,0,0,0,0,0,0,0,0,0,0,0,0,0,
"Economy, Education, Europe, Immigration",,"Environment, Equality, Health & The NHS, Welfare",,"UK Independence",No,Reddit,,1,0,0,0,0,0,0,0,0,0,0,0,0,0,0,0,
"Economy, Environment, Equality, Science & Technology","Energy, Environment, Equality, Europe","Opposition to nuclear power","Fighting against corporate lobbying, Making fighting climate change a priority",,"Yes, if changes made",Facebook,32,1,0,0,0,0,0,0,0,0,0,0,0,0,0,0,0,
"Economy, Europe, Immigration, Welfare","Europe, Health & The NHS, Housing, Science & Technology","Crime & Justice, Economy, Employment, Environment","Making fighting climate change a priority",Labour,"Yes, if changes made",Reddit,20,0,0,0,0,0,0,0,0,0,0,0,0,0,0,0,0,
"Environment, Equality, Europe, Immigration","Culture, Economy, Europe, Health & The NHS","Energy, Immigration, Science & Technology, Welfare","Making fighting climate change a priority, Reform of the voting system","Liberal Democrats",Yes,Reddit,22,0,0,0,0,0,0,0,0,0,0,0,0,0,0,0,0,
"Crime & Justice, Economy, Energy, Science & Technology","Europe, Health & The NHS, Science & Technology","Energy, Environment","Fighting against corporate lobbying, Reform of the voting system",,"Yes, if changes made",Reddit,25,1,0,0,0,0,0,0,0,0,0,0,0,0,0,0,0,
"Education, Employment, Health & The NHS, Welfare","Crime & Justice, Culture, Economy, Education, Employment, Equality, Europe, Health & The NHS, Housing, Immigration, Welfare",Energy,"Reform of the voting system",Green,Yes,,,1,0,0,0,0,0,0,0,0,0,0,0,0,0,0,0,
"Education, Environment, Equality, Health & The NHS",,,,Green,Yes,Reddit,17,0,0,0,0,0,0,0,0,0,0,0,0,0,0,0,0,
"Economy, Energy, Environment, Health & The NHS","Crime & Justice, Economy, Education, Employment, Energy, Environment, Equality, Europe, Health & The NHS, Housing, Science & Technology, Welfare",,"They are not part of the 'establishment', Fighting against corporate lobbying, Fighting against state surveillance, Making fighting climate change a priority, Reform of the voting system, Opposition to TTIP (Transatlantic Trade and Investment Partnership)",Green,Yes,Reddit,38,0,0,0,0,1,0,0,0,0,0,0,0,1,0,0,0,"Need better social media coverage"
"Economy, Education, Environment, Equality","Crime & Justice, Education, Environment, Health & The NHS, Immigration",,"Fighting against corporate lobbying, Fighting against state surveillance, Being internally democratic, Making fighting climate change a priority",,Yes,Reddit,24,1,1,0,0,0,0,0,0,0,0,0,0,0,0,0,0,
"Economy, Equality, Health & The NHS, Science & Technology","Culture, Equality, Housing, Immigration","Science & Technology","Reform of the voting system","Liberal Democrats",No,Reddit,43,0,0,0,0,0,0,0,0,0,1,0,0,0,0,0,0,
"Economy, Education, Equality, Electoral Reform",,,"Making fighting climate change a priority, Reform of the voting system","Liberal Democrats",Yes,Reddit,23,0,0,0,0,0,0,0,0,0,0,0,0,0,0,0,0,
"Crime & Justice, Economy, Education, Welfare","Economy, Education, Health & The NHS, Housing","Energy, Europe","Fighting against corporate lobbying, Being internally democratic, Making fighting climate change a priority, Reform of the voting system",Labour,"Yes, if changes made",Reddit,17,1,0,0,0,0,0,0,0,0,0,0,0,0,0,0,0,
Europe,,"Economy, Europe, Health & The NHS, Welfare","Fighting against corporate lobbying, Fighting against state surveillance, Reform of the voting system",Conservatives,No,Reddit,,1,0,0,0,0,0,0,0,0,0,0,0,0,0,0,0,
"Economy, Education, Health & The NHS, Welfare","Crime & Justice, Culture, Economy, Education, Employment, Equality, Europe, Health & The NHS, Immigration, Welfare","Environment, Science & Technology","Fighting against corporate lobbying, Fighting against state surveillance, Reform of the voting system",Green,"Yes, if changes made",Reddit,18,1,1,0,0,0,0,0,0,0,0,0,0,0,0,0,0,
"Economy, Energy, Science & Technology","Crime & Justice","Economy, Energy",,"Liberal Democrats",No,,,1,0,0,0,1,0,0,0,0,0,0,0,0,0,0,0,
"Education, Health & The NHS, Science & Technology, Welfare",,,"Fighting against corporate lobbying, Fighting against state surveillance, Reform of the voting system, Opposition to TTIP (Transatlantic Trade and Investment Partnership)",,"Yes, if changes made",,,0,0,0,0,0,0,0,0,0,0,0,0,0,0,0,0,
"Economy, Education, Health & The NHS","Health & The NHS, animal testing","Economy, Energy, Science & Technology, Welfare",,,No,Reddit,20,1,0,1,0,0,0,0,0,0,0,0,0,0,0,0,0,
"Culture, Education, Employment, Health & The NHS","Crime & Justice, Culture, Economy, Education, Employment, Environment, Equality, Europe, Health & The NHS, Housing, Science & Technology, Welfare",Energy,"Fighting against corporate lobbying, Fighting against state surveillance, Being internally democratic, Reform of the voting system, Opposition to TTIP (Transatlantic Trade and Investment Partnership)",Green,Yes,Reddit,18,1,1,0,0,0,0,0,0,0,0,0,0,0,0,0,0,
"Education, Equality, Health & The NHS, Welfare","Crime & Justice, Culture, Economy, Education, Employment, Environment, Equality, Europe, Health & The NHS, Housing, Immigration, Science & Technology, Welfare",Energy,"Fighting against corporate lobbying, Reform of the voting system",Green,Yes,,,1,0,0,0,0,0,0,0,0,0,0,0,0,0,0,0,
"Education, Equality, Health & The NHS, Immigration","Crime & Justice, Culture, Economy, Education, Employment, Environment, Equality, Health & The NHS, Housing, Welfare","Energy, Europe, Immigration, Science & Technology","Fighting against corporate lobbying, Reform of the voting system, Opposition to TTIP (Transatlantic Trade and Investment Partnership)",Green,"Yes, if changes made",Reddit,24,0,0,0,0,0,0,0,0,0,0,0,0,0,0,0,0,
"Economy, Energy, Europe, Housing","Science & Technology","Economy, Energy, Environment, Europe","Opposition to TTIP (Transatlantic Trade and Investment Partnership)",Conservatives,No,Reddit,,0,0,0,0,0,0,0,0,0,0,0,0,0,0,0,0,
"Europe, Health & The NHS, A balanced and deliverable set of policies, Promises that can reasonably be delivered","Education, Equality, Europe, Health & The NHS, Immigration",Energy,"Fighting against corporate lobbying, Fighting against state surveillance, Reform of the voting system","Liberal Democrats","Yes, if changes made",Reddit,28,1,1,0,0,0,0,0,0,0,0,0,0,0,0,0,0,
"Culture, Economy, Employment, Immigration","Health & The NHS","Crime & Justice, Energy, Immigration, Welfare",,"UK Independence",No,Reddit,21,1,0,1,0,0,0,0,0,0,0,0,0,0,0,0,0,
"Economy, Europe, Immigration, Welfare",,"Economy, Energy, Europe, Immigration","They are not part of the 'establishment', Fighting against state surveillance, Being internally democratic, Reform of the voting system","UK Independence",No,,,0,0,0,0,0,0,0,0,0,0,0,0,0,0,0,0,
"Education, Europe, Immigration","Health & The NHS","Crime & Justice, Education, Europe, Immigration","Reform of the voting system","UK Independence",No,Reddit,,0,0,1,0,0,0,0,0,0,0,0,0,0,0,0,0,
"Education, Energy, Equality, Health & The NHS","Crime & Justice, Education, Europe, Health & The NHS","Economy, Energy, Housing, Science & Technology","Fighting against corporate lobbying, Making fighting climate change a priority, Reform of the voting system, Opposition to TTIP (Transatlantic Trade and Investment Partnership)",,No,Reddit,,0,0,0,0,0,0,0,0,0,0,0,0,0,0,0,0,
"Culture, Education, Equality, Welfare","Education, Health & The NHS",,"They are not part of the 'establishment', Fighting against corporate lobbying, Fighting against state surveillance, Reform of the voting system","Liberal Democrats",Yes,Reddit,17,1,1,0,0,0,0,0,0,0,0,0,0,0,0,0,0,"Pro: Legalisation"
"Europe, Immigration, A balanced and deliverable set of policies, Promises that can reasonably be delivered",,"Energy, Immigration","Fighting against state surveillance",,No,Reddit,18,1,0,0,0,0,0,0,0,0,0,0,1,0,0,0,0,
"Education, Equality, Health & The NHS, Welfare",,,,Green,Yes,Reddit,25,0,0,0,0,0,0,0,0,0,0,0,0,0,0,0,0,
"Education, Employment, Equality, Health & The NHS","Economy, Employment, Health & The NHS, Housing","Energy, Science & Technology","Fighting against corporate lobbying, Reform of the voting system",Labour,Yes,Reddit,,1,0,0,0,0,0,0,0,0,0,0,0,0,0,0,0,
"Economy, Employment, Europe, Promises that can reasonably be delivered",,"Economy, Environment, Immigration, Welfare",,,No,Reddit,17,0,0,1,0,0,0,0,0,0,0,0,0,0,0,0,0,
"Economy, Education, Health & The NHS, Science & Technology","Education, Health & The NHS",Energy,"Fighting against corporate lobbying, Fighting against state surveillance, Making fighting climate change a priority, Reform of the voting system",Green,"Yes, if changes made",Reddit,29,1,1,0,0,0,0,0,0,0,0,0,0,0,0,0,0,
"Economy, Equality, A balanced and deliverable set of policies, Constitutional","Environment, Health & The NHS",Energy,"Reform of the voting system","Liberal Democrats",No,Reddit,17,1,1,0,0,0,0,0,0,1,0,0,0,0,0,0,0,
"Economy, Energy, Welfare, A balanced and deliverable set of policies",,"Economy, Energy, Environment, Welfare","Making fighting climate change a priority",Conservatives,No,Reddit,17,1,0,0,0,0,0,0,0,0,0,0,0,0,0,0,0,
"Economy, Europe, Science & Technology, Welfare","Economy, Education, Europe","Energy, Science & Technology","Fighting against state surveillance, Making fighting climate change a priority, Reform of the voting system",,"Yes, if changes made",Reddit,28,0,0,0,0,0,0,0,0,0,0,0,0,0,0,0,0,
"Education, Employment, Equality, Health & The NHS","Education, Equality, Health & The NHS, Housing","Science & Technology","Opposition to Nuclear energy and GM foods",Green,Yes,Reddit,20,1,1,0,0,0,0,0,0,0,0,0,0,0,0,0,0,
"Economy, Employment, Health & The NHS, Immigration","Energy, Environment, Equality","Economy, Europe, Immigration, Science & Technology","They are not part of the 'establishment', Fighting against state surveillance","Liberal Democrats",No,Reddit,,1,0,0,0,0,0,0,0,0,1,0,0,0,0,0,0,
"Economy, Education, Immigration, Welfare",,"Crime & Justice, Economy, Immigration, Welfare","Fighting against corporate lobbying",Conservatives,No,Reddit,24,1,0,0,0,0,0,0,0,0,0,0,0,0,0,0,0,
"Economy, Education, Environment, Housing",,,"Fighting against corporate lobbying, Fighting against state surveillance, Making fighting climate change a priority, Reform of the voting system, Opposition to TTIP (Transatlantic Trade and Investment Partnership), basic income",,Yes,Reddit,18,0,1,0,0,0,0,0,0,0,0,0,1,0,0,0,0,
"Education, Environment, Equality, Health & The NHS","Economy, Education, Equality, Health & The NHS","Energy, Housing, Immigration, Science & Technology","Fighting against corporate lobbying",Green,Yes,Reddit,20,1,0,0,0,0,0,0,0,0,0,0,1,0,0,0,0,
"Europe, Immigration, A balanced and deliverable set of policies, Defence","Health & The NHS","Energy, Environment, Immigration, Defence",,"UK Independence",No,Reddit,17,1,0,0,0,0,0,0,0,0,0,0,0,0,0,0,0,
"Environment, Health & The NHS, Immigration, Welfare","Environment, Health & The NHS, Immigration, Welfare",Energy,,Green,"Yes, if changes made",Reddit,20,1,0,0,0,0,0,0,0,0,0,0,0,0,0,0,0,
"Crime & Justice, Europe, Immigration",,"Crime & Justice, Economy, Europe, Immigration","Reform of the voting system","UK Independence",No,Reddit,19,0,0,0,0,0,0,0,0,0,0,0,0,0,0,0,0,
"Crime & Justice, Equality, Health & The NHS, Welfare","Crime & Justice, Culture, Economy, Education, Employment, Equality, Europe, Health & The NHS, Housing, Immigration, Science & Technology, Welfare",Environment,"Being internally democratic, Reform of the voting system",Green,Yes,Reddit,21,0,0,0,0,0,0,0,0,0,0,0,0,0,0,0,0,
"Economy, Employment, Equality, Science & Technology","Crime & Justice, Europe, Health & The NHS, Immigration","Economy, Employment, Energy","Fighting against state surveillance, Making fighting climate change a priority, Reform of the voting system",Conservatives,No,,,1,0,0,0,0,0,0,0,0,0,0,0,0,0,0,0,
"Economy, Education, Equality, Science & Technology","Crime & Justice, Culture, Education, Employment, Energy, Equality, Europe, Health & The NHS, Housing, Immigration, Welfare","Economy, Science & Technology","Fighting against corporate lobbying, Fighting against state surveillance, Making fighting climate change a priority, Reform of the voting system",Green,Yes,Reddit,19,1,1,0,0,0,0,0,0,0,0,0,0,0,0,0,0,
"Crime & Justice, Economy, Energy, A balanced and deliverable set of policies",,"Economy, Energy, Environment",,Conservatives,No,Reddit,,0,0,0,0,0,0,0,0,0,0,0,0,0,0,0,0,
"Crime & Justice, Economy, Equality, Health & The NHS","Crime & Justice, Culture, Economy, Education, Employment, Environment, Equality, Europe, Health & The NHS, Housing, Immigration, Welfare","Energy, Science & Technology","They are not part of the 'establishment', Fighting against corporate lobbying, Fighting against state surveillance",Green,"Yes, if changes made",Reddit,23,1,0,0,0,0,0,0,0,0,0,0,0,0,0,0,0,
"Economy, Employment, Europe, Immigration",,"Energy, Environment, Equality, Europe",,"UK Independence",No,Reddit,,0,0,0,0,0,0,0,0,0,0,0,0,0,0,0,0,
"Energy, Health & The NHS, Science & Technology, Welfare","Culture, Education, Energy, Environment, Equality, Health & The NHS, Welfare","Science & Technology","Reform of the voting system",Green,No,Reddit,19,1,0,0,0,1,0,0,1,0,0,0,0,0,0,0,0,
"Crime & Justice, Economy, Science & Technology, Promises that can reasonably be delivered",,"Economy, Energy, Immigration, Science & Technology","Reform of the voting system",Conservatives,No,Reddit,20,1,1,0,0,0,0,0,0,0,0,0,1,0,0,0,1,
"Employment, Equality, Health & The NHS, Housing","Education, Employment, Equality","Crime & Justice, Science & Technology","Fighting against corporate lobbying",,"Yes, if changes made",Reddit,18,1,1,0,0,0,0,1,0,0,0,0,0,0,0,0,0,
"Crime & Justice, Culture, Education, Employment",,"Energy, Environment","They are not part of the 'establishment', Fighting against corporate lobbying, Reform of the voting system",,No,Reddit,21,0,0,0,0,0,0,0,0,0,0,0,0,0,0,0,0,
"Employment, Energy, Health & The NHS, Welfare","Environment, Europe, Health & The NHS, Housing, Immigration, Welfare","Energy, Science & Technology","Fighting against corporate lobbying, Fighting against state surveillance, Being internally democratic, Making fighting climate change a priority, Reform of the voting system, Opposition to TTIP (Transatlantic Trade and Investment Partnership)",Green,Yes,Reddit,42,0,0,0,0,0,0,1,0,0,0,0,0,0,0,0,0,
"Economy, Education, Energy, Europe",Welfare,"Economy, Energy, Environment, Immigration","Making fighting climate change a priority",Conservatives,No,Reddit,,0,0,0,0,0,0,0,0,0,0,0,0,0,0,0,0,
"Economy, Education, Environment, Health & The NHS","Crime & Justice, Culture, Economy, Education, Employment, Energy, Environment, Equality, Europe, Health & The NHS, Housing, Science & Technology, Welfare",,"Fighting against corporate lobbying, Fighting against state surveillance, Being internally democratic, Making fighting climate change a priority, Reform of the voting system, Opposition to TTIP (Transatlantic Trade and Investment Partnership)","Scottish Nationals","Yes, if changes made",Reddit,18,1,1,0,0,0,0,0,0,0,0,0,0,0,0,0,0,
"Energy, Health & The NHS, Housing, Welfare","Crime & Justice, Economy, Environment, Equality, Europe, Health & The NHS, Housing, Immigration, Science & Technology, Welfare",Energy,"Fighting against corporate lobbying, Reform of the voting system, Opposition to TTIP (Transatlantic Trade and Investment Partnership)",Labour,Yes,Reddit,26,1,0,0,0,0,0,0,0,0,0,0,0,0,0,0,0,
"Education, Equality, Health & The NHS, Science & Technology","Education, Housing","Welfare, banning nuclear power stations","Making fighting climate change a priority","Liberal Democrats","Yes, if changes made",Facebook,19,1,0,0,0,0,0,0,0,0,0,0,0,0,1,0,0,
"Economy, Education, Health & The NHS, Welfare","Energy, Europe, Health & The NHS, Transport","Energy, Science & Technology","Making fighting climate change a priority, Opposition to TTIP (Transatlantic Trade and Investment Partnership)",Green,"Yes, if changes made",Reddit,14,1,0,0,0,0,0,0,0,0,0,0,0,1,0,0,0,
"Education, Environment, Equality, Science & Technology","Crime & Justice, Culture, Economy, Education, Employment, Environment, Equality, Europe, Health & The NHS, Housing, Welfare","Energy, Science & Technology","Fighting against corporate lobbying, Fighting against state surveillance, Being internally democratic, Making fighting climate change a priority, Support for Universal Basic Income",Green,Yes,Reddit,27,1,1,0,0,0,0,0,0,0,0,0,0,0,0,0,0,
"Crime & Justice, Economy, Welfare, A balanced and deliverable set of policies","Crime & Justice, Environment, Health & The NHS, Housing","Economy, Energy, Science & Technology","Fighting against state surveillance","Liberal Democrats",No,Reddit,23,1,1,1,0,1,0,1,0,0,0,0,0,0,0,0,0,
"Economy, Science & Technology, A balanced and deliverable set of policies, Promises that can reasonably be delivered",Equality,"Economy, Energy, Environment, Science & Technology",,,No,,,1,1,0,0,1,1,0,0,0,0,0,0,0,0,0,0,
"Economy, Employment, Equality, Welfare","Culture, Energy, Environment, Europe, Health & The NHS, Housing, Immigration, Science & Technology, Welfare",,"Fighting against corporate lobbying, Being internally democratic, Making fighting climate change a priority, Opposition to TTIP (Transatlantic Trade and Investment Partnership)",Green,"Yes, and I am a party member",Reddit,21,1,0,0,0,0,0,0,0,0,0,0,0,0,0,0,0,
"Employment, Energy, Environment, Equality","Crime & Justice, Culture, Economy, Education, Employment, Environment, Equality, Europe, Health & The NHS, Housing, Immigration, Science & Technology",Energy,"Fighting against state surveillance, Making fighting climate change a priority","Liberal Democrats","Yes, and I am a party member",Reddit,18,1,0,0,0,0,0,0,0,0,0,0,0,0,0,1,0,
"Economy, Environment, Europe, Health & The NHS",Environment,Europe,"Fighting corporate tax evasion AND avoidance",Labour,Yes,Reddit,33,0,0,0,0,0,0,0,0,0,0,0,0,0,0,0,0,
"Education, Health & The NHS, Housing, A balanced and deliverable set of policies","Crime & Justice, Environment, Equality, Europe, Health & The NHS, Housing, Immigration, Welfare","Economy, Education, Energy","Fighting against corporate lobbying, Being internally democratic, Reform of the voting system, Opposition to TTIP (Transatlantic Trade and Investment Partnership)",Green,"Yes, if changes made",Reddit,56,1,0,0,0,0,0,0,0,0,0,0,0,0,0,0,0,
"Economy, Environment, Equality, Science & Technology","Crime & Justice, Economy, Environment",Energy,"Fighting against corporate lobbying, Being internally democratic, Making fighting climate change a priority, Reform of the voting system, Opposition to TTIP (Transatlantic Trade and Investment Partnership)",Green,"Yes, and I am a party member",Reddit,20,1,1,0,0,0,1,0,0,0,0,0,0,0,0,0,0,
"Education, Employment, Immigration, A balanced and deliverable set of policies","Education, Europe","Energy, Environment, Science & Technology","Being internally democratic",,"Yes, if changes made",Reddit,,0,0,0,0,0,0,0,0,0,0,0,0,0,0,0,0,
"Economy, Science & Technology, Promises that can reasonably be delivered, Tax",,"Economy, Energy, Science & Technology","Fighting against state surveillance","Liberal Democrats",No,Reddit,24,1,1,1,0,1,0,0,0,1,0,0,0,0,0,0,0,
"Economy, Equality, Health & The NHS, Science & Technology","Economy, Education, Equality, Europe, Health & The NHS, Welfare","Energy, Science & Technology","Reform of the voting system, Opposition to TTIP (Transatlantic Trade and Investment Partnership)",Labour,Yes,Reddit,19,1,0,0,0,0,0,0,0,0,0,0,0,0,0,0,0,
"Economy, Education, Health & The NHS, Welfare","Crime & Justice, Culture, Environment, Europe, Health & The NHS, Immigration, Welfare",Energy,"Fighting against corporate lobbying, Fighting against state surveillance, Making fighting climate change a priority",Labour,Yes,Reddit,22,0,0,0,0,0,0,0,0,0,0,0,0,0,0,0,0,
"Economy, Education, Environment, A balanced and deliverable set of policies","Crime & Justice, Culture, Economy, Education, Employment, Environment, Equality, Europe, Health & The NHS, Housing, Immigration, Science & Technology, Welfare",Energy,"Reform of the voting system","Liberal Democrats",Yes,Reddit,42,1,0,0,0,0,0,0,0,0,0,0,0,0,0,0,0,
"Economy, Energy, Europe, Immigration",,"i wanted to select more than 4",,"UK Independence",No,Reddit,21,0,0,0,0,0,0,0,0,0,0,0,0,0,0,0,0,
"Crime & Justice, Economy, Europe, Immigration",,"Economy, Energy, Environment, Equality","Fighting against state surveillance","UK Independence",No,,,0,0,0,0,0,0,0,0,0,0,0,0,0,0,0,0,
"Culture, Education, Europe, Immigration","Science & Technology","Education, Europe, Immigration, Peace & Defence","Reform of the voting system","UK Independence",No,Reddit,21,0,1,0,0,0,0,0,0,0,0,0,1,0,0,0,0,
"Culture, Environment, Equality, Welfare","Environment, Equality, Welfare",Economy,"Making fighting climate change a priority",,No,Reddit,20,0,0,0,0,0,0,0,0,0,0,0,0,0,0,0,0,
"Education, Energy, Europe, Science & Technology","Environment, Equality, Europe","Science & Technology","Fighting against state surveillance, Making fighting climate change a priority","Liberal Democrats",No,Reddit,18,1,1,0,0,0,0,0,0,0,0,0,0,0,0,0,0,
"Energy, Environment, Equality, Health & The NHS","Crime & Justice, Culture, Education, Employment, Energy, Environment, Equality, Europe, Health & The NHS, Welfare","Science & Technology","Fighting against corporate lobbying, Being internally democratic, Making fighting climate change a priority, Reform of the voting system",Green,"Yes, if changes made",Reddit,18,1,1,0,0,0,0,0,0,0,0,0,0,0,0,0,0,
"Equality, Health & The NHS, Welfare, A balanced and deliverable set of policies","Crime & Justice, Culture, Economy, Education, Environment, Equality, Europe, Health & The NHS, Housing, Science & Technology, Welfare",,"Fighting against corporate lobbying, Fighting against state surveillance, Being internally democratic, Making fighting climate change a priority, Reform of the voting system, Opposition to TTIP (Transatlantic Trade and Investment Partnership)",Green,Yes,Reddit,18,0,0,0,0,0,0,0,0,0,0,0,0,0,0,0,0,
"Culture, Education, Equality, Science & Technology","Health & The NHS","Science & Technology","Fighting against state surveillance",Labour,"Yes, if changes made",Other,,1,1,0,0,0,0,0,0,0,0,0,0,0,0,0,0,
"Energy, Europe, Science & Technology, Promises that can reasonably be delivered",,"Energy, Environment, Immigration, Science & Technology",,"Liberal Democrats",No,,,1,1,0,0,1,0,0,0,1,0,0,0,0,0,0,0,
"Energy, Environment, Europe, Science & Technology",,"Energy, Europe, Immigration, Science & Technology","Making fighting climate change a priority",Conservatives,No,Reddit,20,1,0,0,0,0,0,0,0,0,0,0,1,0,0,0,0,
"Economy, Health & The NHS, Housing, Promises that can reasonably be delivered","Crime & Justice, Immigration","Economy, Equality, Housing","They are not part of the 'establishment', Making fighting climate change a priority, A good protest vote","Liberal Democrats",No,"Green Party Forums",52,1,0,1,0,0,0,0,0,0,0,0,0,0,0,0,0,
"Health & The NHS, Housing, Welfare, A balanced and deliverable set of policies","Crime & Justice, Culture, Economy, Education, Employment, Energy, Environment, Equality, Europe, Health & The NHS, Housing, Immigration, Science & Technology, Welfare",,"They are not part of the 'establishment', Fighting against corporate lobbying, Making fighting climate change a priority, Reform of the voting system, Opposition to TTIP (Transatlantic Trade and Investment Partnership)",Green,"Yes, and I am a party member","Green Party Forums",42,1,1,0,0,0,0,0,0,0,0,0,0,0,0,0,1,
"Economy, Education, Science & Technology, Promises that can reasonably be delivered",,"Crime & Justice, Culture, Immigration, Science & Technology","Fighting against state surveillance","Liberal Democrats",No,Reddit,47,1,1,1,0,0,0,0,0,0,0,0,1,0,0,0,0,
"Crime & Justice, Energy, Health & The NHS, Immigration",,"Crime & Justice, Energy, Welfare, Defence",,"UK Independence",No,Reddit,15,1,0,0,0,0,0,0,0,0,0,0,0,0,0,0,0,
"Energy, Environment, Health & The NHS, Science & Technology","Crime & Justice, Culture, Economy, Education, Employment, Environment, Equality, Europe, Health & The NHS, Housing, Immigration, Welfare","Energy, Science & Technology","Fighting against corporate lobbying, Fighting against state surveillance, Being internally democratic, Making fighting climate change a priority, Reform of the voting system, Opposition to TTIP (Transatlantic Trade and Investment Partnership)",Green,"Yes, if changes made",Reddit,23,1,1,0,0,0,0,0,0,0,0,0,0,0,0,0,0,
"Culture, Economy, Education, Employment",,,"Fighting against corporate lobbying, Fighting against state surveillance, Opposition to TTIP (Transatlantic Trade and Investment Partnership)","UK Independence",No,Reddit,22,1,1,0,1,0,0,0,0,0,0,1,1,0,0,0,0,
"Education, Equality, Housing, Welfare","Crime & Justice, Culture, Education, Employment, Environment, Equality, Europe, Health & The NHS, Housing, Immigration, Science & Technology, Welfare",Energy,"They are not part of the 'establishment', Fighting against state surveillance, Being internally democratic, Reform of the voting system, A good protest vote",Green,Yes,,,1,0,0,0,0,0,0,0,0,0,0,0,0,0,0,0,
"Economy, Energy, Environment","Employment, Energy, Environment, Equality, Europe",,,Green,"Yes, and I am a party member",,,0,0,0,0,0,0,0,0,0,0,0,0,0,0,0,0,
"Environment, Science & Technology, A balanced and deliverable set of policies, Promises that can reasonably be delivered","Crime & Justice, Culture, Economy, Education, Employment, Energy, Environment, Equality, Europe, Health & The NHS, Housing, Immigration, Science & Technology, Welfare","GMO's and Nuclear(reasoning for both)","Fighting against corporate lobbying, Fighting against state surveillance, Being internally democratic, Making fighting climate change a priority, Reform of the voting system, Opposition to TTIP (Transatlantic Trade and Investment Partnership)",Green,Yes,Reddit,18,0,1,0,0,1,0,0,0,0,0,0,0,0,0,0,0,
"Energy, Environment, Health & The NHS, Science & Technology","Environment, Equality, Health & The NHS","Energy, Europe, Immigration","Fighting against corporate lobbying, Fighting against state surveillance, Making fighting climate change a priority, Opposition to TTIP (Transatlantic Trade and Investment Partnership)",Green,No,Reddit,45,0,0,0,0,0,0,0,0,0,0,0,0,0,0,0,0,
"Crime & Justice, Economy, Health & The NHS, Science & Technology","Economy, Health & The NHS","Environment, Science & Technology","Reform of the voting system","Liberal Democrats","Yes, if changes made",Reddit,29,0,1,1,0,0,1,0,0,0,0,0,0,0,0,0,1,
"Economy, Housing, Science & Technology, Welfare","Employment, Equality, Immigration, Welfare","Environment, Europe, Science & Technology","Reform of the voting system",Labour,"Yes, if changes made",Reddit,25,1,1,0,0,1,0,1,0,0,0,0,0,0,0,0,0,
"Economy, Welfare, A balanced and deliverable set of policies, Promises that can reasonably be delivered",,,"Fighting against corporate lobbying, Fighting against state surveillance, Reform of the voting system, Opposition to TTIP (Transatlantic Trade and Investment Partnership)",Green,"Yes, and I am a party member","Green Party Forums",,0,0,0,0,0,0,0,0,0,0,0,0,0,0,0,0,
"Economy, Environment, Equality, Health & The NHS","Education, Energy, Environment, Equality",,"Fighting against corporate lobbying, Making fighting climate change a priority",Green,Yes,Reddit,39,0,0,0,0,0,0,0,0,0,0,0,0,0,0,0,0,
"Economy, Environment, Equality, Welfare","Culture, Economy, Education, Environment, Equality, Health & The NHS, Welfare","Energy, Immigration, Science & Technology, Food & Agriculture","They are not part of the 'establishment', Fighting against corporate lobbying, Fighting against state surveillance, Being internally democratic, Making fighting climate change a priority, Reform of the voting system, Do not subscribe to neoliberal ideology","Liberal Democrats","Yes, if changes made",Reddit,24,1,1,0,0,0,0,0,0,0,0,0,1,0,0,0,0,
"Environment, Equality, Health & The NHS, Science & Technology","Environment, Equality, Europe, Health & The NHS, Immigration","Science & Technology","They are not part of the 'establishment', Fighting against corporate lobbying, Fighting against state surveillance, Making fighting climate change a priority, A good protest vote, Opposition to TTIP (Transatlantic Trade and Investment Partnership)",Green,No,Reddit,29,1,0,0,0,0,0,0,0,0,0,0,0,0,0,0,0,
"Economy, Environment, Health & The NHS, Welfare","Crime & Justice, Energy, Environment, Equality, Europe, Health & The NHS","Science & Technology","Fighting against corporate lobbying, Fighting against state surveillance, Opposition to TTIP (Transatlantic Trade and Investment Partnership)",Green,Yes,Reddit,26,1,0,0,0,0,0,0,0,0,0,0,0,0,0,0,0,
"Education, Equality, Health & The NHS, Welfare","Economy, Equality, Welfare",,"They are not part of the 'establishment', Fighting against corporate lobbying, Making fighting climate change a priority, Reform of the voting system, Opposition to TTIP (Transatlantic Trade and Investment Partnership)",,Yes,Other,17,0,0,1,0,0,0,0,0,0,0,0,0,0,0,0,0,
"Economy, Energy, Agriculture, Transport","Crime & Justice, Culture, Economy, Education, Employment, Energy, Environment, Equality, Europe, Health & The NHS, Housing, Immigration, Science & Technology, Welfare",,"Fighting against corporate lobbying, Making fighting climate change a priority, Reform of the voting system, Opposition to TTIP (Transatlantic Trade and Investment Partnership)",Green,"Yes, and I am a party member","Green Party Forums",19,1,1,0,0,0,0,0,0,0,0,0,0,0,0,0,0,
"Economy, Employment, Equality, Housing","Economy, Environment, Equality, Housing",,"Making fighting climate change a priority, Opposition to TTIP (Transatlantic Trade and Investment Partnership)",,"Yes, and I am a party member","Green Party Forums",,0,0,0,0,0,0,0,0,0,0,0,0,0,0,0,0,
"Education, Equality, Health & The NHS, Promises that can reasonably be delivered","Crime & Justice, Economy, Education, Employment, Energy, Environment, Equality, Health & The NHS, Housing, Welfare","Science & Technology","Reform of the voting system","Liberal Democrats",Yes,Reddit,,1,0,0,0,1,0,0,0,0,0,0,0,0,0,0,0,
"Crime & Justice, Economy, Education, Science & Technology","Crime & Justice, Culture, Economy, Education, Employment, Environment, Equality, Europe, Health & The NHS, Housing, Immigration, Science & Technology, Welfare",,"Fighting against corporate lobbying, Fighting against state surveillance, Making fighting climate change a priority, Reform of the voting system, Opposition to TTIP (Transatlantic Trade and Investment Partnership)",Green,Yes,Reddit,22,1,0,0,0,0,0,0,0,0,0,0,0,0,0,0,0,"Pro: justice system reform"
"Economy, Equality, Health & The NHS, Housing",,,"Reform of the voting system",Labour,No,Reddit,27,1,1,0,0,0,0,0,0,0,0,0,0,0,0,0,0,
"Education, Equality, Science & Technology, Welfare","Crime & Justice, Culture, Economy, Education, Employment, Environment, Equality, Europe, Health & The NHS, Housing, Immigration, Science & Technology, Welfare",Energy,"They are not part of the 'establishment', Fighting against corporate lobbying, Fighting against state surveillance, Being internally democratic, Making fighting climate change a priority, Reform of the voting system, Opposition to TTIP (Transatlantic Trade and Investment Partnership)",Labour,"Yes, if changes made",Facebook,22,1,0,0,0,0,0,0,0,0,0,0,0,0,0,0,0,
"Environment, Equality, Health & The NHS, Science & Technology","Education, Employment, Health & The NHS, Housing",Energy,"Fighting against state surveillance, Making fighting climate change a priority, Reform of the voting system, Opposition to TTIP (Transatlantic Trade and Investment Partnership)",Green,"Yes, if changes made",Facebook,22,1,0,0,0,0,0,0,0,0,0,0,0,0,0,0,0,
"Environment, Equality, Health & The NHS, Welfare","Crime & Justice, Culture, Economy, Education, Employment, Environment, Equality, Europe, Health & The NHS, Housing, Immigration, Science & Technology, Welfare",Energy,"They are not part of the 'establishment', Fighting against corporate lobbying, Fighting against state surveillance, Being internally democratic",Green,Yes,Facebook,27,0,0,0,0,0,0,0,0,0,0,0,0,0,0,0,0,"Pro: Being ""For"" something rather than against everybody else."
"Energy, Environment, Equality, Health & The NHS","Energy, Environment, Equality, Health & The NHS","Immigration, Welfare","Fighting against corporate lobbying, Making fighting climate change a priority, Opposition to TTIP (Transatlantic Trade and Investment Partnership)",Green,"Yes, and I am a party member","Green Party Forums",55,0,0,0,0,0,0,0,0,0,0,0,1,0,0,0,0,
"Education, Energy, Health & The NHS, Welfare","Education, Energy, Environment, Health & The NHS",,"Being internally democratic",,"Yes, and I am a party member",,,0,0,1,0,0,0,0,0,0,0,0,0,0,0,0,0,
"Crime & Justice, Economy, Equality, Science & Technology","Economy, Energy, Equality, Welfare",,"Fighting against state surveillance, Being internally democratic, Reform of the voting system, A good protest vote",Green,Yes,,,0,0,0,0,0,0,0,0,0,0,0,0,0,0,0,0,
"Energy, Equality, Health & The NHS, Science & Technology","Crime & Justice, Culture, Environment, Equality, Health & The NHS, Immigration, Science & Technology, Welfare",Energy,"They are not part of the 'establishment', Fighting against corporate lobbying, Fighting against state surveillance, Being internally democratic, Making fighting climate change a priority, Reform of the voting system, Opposition to TTIP (Transatlantic Trade and Investment Partnership)","Liberal Democrats",Yes,Facebook,23,1,0,0,0,0,0,0,0,0,0,0,0,0,0,0,0,
"Economy, Energy, Immigration, A balanced and deliverable set of policies","Economy, Environment, Housing, Immigration","Energy, specifically nuclear energy","Being internally democratic, Making fighting climate change a priority",Labour,Yes,Facebook,23,1,0,0,0,0,0,0,0,0,0,0,0,0,0,1,0,
"Education, Environment, Science & Technology, Welfare","Culture, Economy, Education, Employment, Environment, Equality, Europe, Health & The NHS, Housing, Immigration, Science & Technology, Welfare","Crime & Justice, Energy","Fighting against corporate lobbying, Making fighting climate change a priority, Reform of the voting system",Green,"Yes, and I am a party member","Green Party Forums",28,1,0,0,0,0,0,0,0,0,0,0,0,0,0,0,0,
"Education, Europe, Science & Technology, Decision making based on empirical observations, and appropriate communication of uncertainty","Crime & Justice, Education, Immigration, Science & Technology","Energy, Environment",,Green,Yes,Facebook,25,1,0,0,0,0,0,0,0,0,0,0,0,0,0,0,0,
"Energy, Europe, Science & Technology, Promises that can reasonably be delivered","Culture, Education, Equality, Europe, Health & The NHS","Science & Technology","Being internally democratic, Making fighting climate change a priority, Reform of the voting system",Green,"Yes, if changes made",Facebook,,1,0,0,0,0,0,0,0,0,0,0,0,0,0,0,0,
"Economy, Education, Environment, Equality","Crime & Justice, Culture, Economy, Education, Employment, Energy, Environment, Equality, Europe, Health & The NHS, Housing, Immigration, Welfare",,"Making fighting climate change a priority, Reform of the voting system",Green,Yes,Facebook,20,0,0,0,0,1,0,0,0,0,0,0,0,0,0,0,0,
"Environment, Health & The NHS, Housing, Promises that can reasonably be delivered","Crime & Justice, Economy, Energy, Environment, Equality, Europe, Health & The NHS, Housing, Welfare",,"They are not part of the 'establishment', Being internally democratic, Making fighting climate change a priority, Reform of the voting system, Opposition to TTIP (Transatlantic Trade and Investment Partnership)",Green,No,Reddit,,0,0,0,1,0,0,0,0,0,0,0,0,0,0,0,0,
"Education, Environment, Equality, Health & The NHS","Education, Energy, Environment, Health & The NHS","Crime & Justice","Reform of the voting system, Opposition to TTIP (Transatlantic Trade and Investment Partnership)",Labour,"Yes, and I am a party member","Green Party Forums",18,0,0,0,0,0,0,0,0,0,0,0,0,0,0,0,0,
"Education, Energy, Europe, Health & The NHS","Employment, Environment, Health & The NHS, Immigration, Welfare","Energy, Europe, Science & Technology","They are not part of the 'establishment', Fighting against corporate lobbying, Fighting against state surveillance, Being internally democratic, Making fighting climate change a priority, Reform of the voting system, Opposition to TTIP (Transatlantic Trade and Investment Partnership)",Green,"Yes, if changes made",Reddit,23,1,0,0,0,1,0,0,0,0,0,0,0,0,0,1,0,
"Education, Environment, Equality, Science & Technology","Crime & Justice, Culture, Economy, Education, Employment, Energy, Environment, Equality, Europe, Health & The NHS, Housing, Immigration, Science & Technology, Welfare",,"Fighting against corporate lobbying, Fighting against state surveillance, Being internally democratic, Making fighting climate change a priority, Reform of the voting system",Green,Yes,"Green Party Forums",20,0,0,0,0,0,0,0,0,0,0,0,0,0,0,0,0,
"Education, Health & The NHS, Housing, Welfare","Education, Employment, Health & The NHS, Housing, Science & Technology","Energy, Environment","Fighting against corporate lobbying, Opposition to TTIP (Transatlantic Trade and Investment Partnership)",Labour,"Yes, if changes made","Green Party Forums",28,1,0,0,0,0,0,0,0,0,0,0,0,0,0,0,0,
"Economy, Energy, Environment, A balanced and deliverable set of policies","Crime & Justice, Culture, Economy, Education, Energy, Environment, Equality, Health & The NHS, Housing, Science & Technology, Welfare, Climate change",,"Making fighting climate change a priority",Green,"Yes, if changes made",Other,,0,0,0,0,0,0,0,0,0,0,0,0,0,0,1,0,
"Environment, Equality, Health & The NHS, Welfare","Crime & Justice, Culture, Economy, Education, Employment, Environment, Equality, Europe, Health & The NHS, Housing, Immigration, Science & Technology, Welfare",Energy,"They are not part of the 'establishment', Fighting against state surveillance, Making fighting climate change a priority, Reform of the voting system, Opposition to TTIP (Transatlantic Trade and Investment Partnership)",Green,Yes,Reddit,20,0,0,0,0,0,0,0,0,0,0,0,0,0,0,0,0,
"Economy, Energy, Environment, Equality","Economy, Education, Energy, Environment, Equality, Europe",,"Making fighting climate change a priority, Reform of the voting system",Green,"Yes, and I am a party member",Twitter,62,0,0,0,0,0,0,0,0,0,0,0,0,0,0,0,0,
"Education, Environment, Equality, Health & The NHS","Crime & Justice, Culture, Economy, Education, Employment, Equality, Health & The NHS, Immigration, Welfare","Energy, Environment, Science & Technology","Making fighting climate change a priority, Reform of the voting system","Liberal Democrats",Yes,Twitter,17,1,0,0,0,0,0,0,0,0,0,0,0,0,0,0,0,
"Crime & Justice, Culture, Economy, Equality",,,"Fighting against corporate lobbying, Making fighting climate change a priority, Reform of the voting system",Green,Yes,Twitter,16,0,0,0,0,0,0,0,0,0,0,0,0,0,0,1,0,
"Employment, Environment, Housing, Welfare","Crime & Justice, Culture, Economy, Education, Employment, Energy, Environment, Equality, Europe, Health & The NHS, Housing, Immigration, Science & Technology, Welfare",,"Being internally democratic, Making fighting climate change a priority, Reform of the voting system, Opposition to TTIP (Transatlantic Trade and Investment Partnership)",Green,Yes,Facebook,26,0,0,0,0,0,0,0,0,0,0,0,0,0,0,0,0,
"Education, Environment, Equality, Promises that can reasonably be delivered","Crime & Justice, Equality, Immigration","Economy, Employment, Welfare","Fighting against state surveillance, Being internally democratic, Reform of the voting system","Liberal Democrats","Yes, if changes made",Twitter,18,0,0,1,0,0,0,0,0,0,0,0,0,0,0,0,0,
"Environment, Equality, Health & The NHS, Welfare","Education, Employment, Energy, Environment, Equality, Europe, Health & The NHS",,"They are not part of the 'establishment', Fighting against corporate lobbying, Reform of the voting system",,Yes,Twitter,24,0,0,0,0,0,0,0,0,0,0,0,0,0,0,0,0,
"Education, Environment, Health & The NHS, Housing",,,"Fighting against corporate lobbying, Making fighting climate change a priority",,Yes,Twitter,46,0,0,0,0,0,0,0,0,0,0,0,0,0,0,0,0,
"Economy, Environment, Equality, Welfare","Crime & Justice, Culture, Education, Employment, Energy, Environment, Europe, Health & The NHS, Housing, Immigration, Welfare","Economy, Science & Technology","Fighting against state surveillance, Making fighting climate change a priority, Opposition to TTIP (Transatlantic Trade and Investment Partnership)",Green,"Yes, and I am a party member",Reddit,24,0,0,0,0,0,0,0,0,0,0,0,0,0,0,0,0,
Equality,"Crime & Justice, Culture, Economy, Education, Employment, Energy, Environment, Equality, Europe, Health & The NHS, Housing, Immigration, Science & Technology, Welfare",,"financial reform",Green,"Yes, and I am a party member",Twitter,57,0,0,0,0,0,0,0,0,0,0,0,0,0,0,0,0,
"Crime & Justice, Environment, Welfare, Animal Welfare","Crime & Justice, Culture, Economy, Education, Energy, Environment, Equality, Health & The NHS, Science & Technology, Welfare",,"Fighting against state surveillance, Reform of the voting system",Green,No,Facebook,25,0,0,0,1,0,0,0,0,0,0,0,0,0,0,0,0,
"Economy, Education, Equality, Welfare","Crime & Justice, Culture, Economy, Education, Employment, Energy, Environment, Equality, Health & The NHS, Housing, Immigration, Science & Technology, Welfare",Europe,"Fighting against corporate lobbying, Fighting against state surveillance, Being internally democratic, Making fighting climate change a priority, Reform of the voting system, A good protest vote, Opposition to TTIP (Transatlantic Trade and Investment Partnership)",Green,"Yes, and I am a party member",Facebook,16,0,0,0,0,0,0,0,0,0,0,0,0,0,0,0,0,
"Education, Energy, Environment, Science & Technology","Crime & Justice, Culture, Economy, Education, Employment, Equality, Europe, Health & The NHS, Housing, Immigration, Science & Technology","Energy, Environment, Welfare","Fighting against corporate lobbying, Making fighting climate change a priority, Reform of the voting system, Opposition to TTIP (Transatlantic Trade and Investment Partnership)",Labour,"Yes, and I am a party member",Facebook,19,1,0,0,0,0,0,0,0,0,0,0,0,0,0,0,0,
"Education, Equality, Health & The NHS, Welfare","Crime & Justice, Culture, Economy, Education, Employment, Energy, Environment, Equality, Europe, Health & The NHS, Housing, Immigration, Science & Technology, Welfare, Youth Issues",,"Fighting against state surveillance, Being internally democratic, Making fighting climate change a priority, Reform of the voting system",Green,"Yes, and I am a party member",Facebook,26,0,0,0,0,0,0,0,0,0,0,0,0,0,0,0,0,
"Economy, Education, Equality, Health & The NHS","Crime & Justice, Culture, Economy, Education, Employment, Energy, Environment, Equality, Europe, Health & The NHS, Housing, Immigration, Science & Technology, Welfare",,"They are not part of the 'establishment', Being internally democratic, Reform of the voting system",Green,"Yes, and I am a party member",Facebook,18,0,0,0,0,0,0,0,0,0,0,0,0,0,0,0,0,
"Environment, Health & The NHS, Immigration, Promises that can reasonably be delivered","Energy, Environment, Health & The NHS, Immigration","Culture, Science & Technology","They are not part of the 'establishment', Being internally democratic, Reform of the voting system, A good protest vote","Liberal Democrats",Yes,Facebook,18,1,0,0,0,0,0,0,0,0,0,0,0,0,0,0,0,
"Environment, Housing, Science & Technology, A balanced and deliverable set of policies","Economy, Environment, Equality, Housing","Science & Technology","Making fighting climate change a priority, Opposition to TTIP (Transatlantic Trade and Investment Partnership)",Green,Yes,Twitter,28,1,1,0,0,0,0,0,0,0,0,0,0,0,0,0,0,
"Economy, Education, Equality, Health & The NHS","Crime & Justice, Culture, Economy, Education, Employment, Energy, Environment, Equality, Europe, Health & The NHS, Housing, Immigration, Science & Technology, Welfare",,"They are not part of the 'establishment', Fighting against corporate lobbying, Fighting against state surveillance, Being internally democratic, Making fighting climate change a priority, Reform of the voting system, Opposition to TTIP (Transatlantic Trade and Investment Partnership)",Green,"Yes, and I am a party member",Facebook,18,0,0,0,0,0,0,0,0,0,0,0,0,0,0,0,0,
"Education, Environment, Equality, Welfare","Education, Environment, Equality, Health & The NHS, Immigration, Welfare","Europe, not sure about green's view on EU, (I am pro-eu as is tbh)","They are not part of the 'establishment', Fighting against corporate lobbying, Being internally democratic, Making fighting climate change a priority",,Yes,Twitter,16,0,0,0,0,0,0,0,0,0,0,0,0,0,0,0,0,
"Energy, Environment, Health & The NHS, Science & Technology","Crime & Justice, Culture, Economy, Education, Employment, Environment, Equality, Europe, Health & The NHS, Housing, Immigration, Welfare","Energy, Science & Technology","Fighting against corporate lobbying",,Yes,Twitter,35,1,1,0,0,1,0,0,0,0,0,0,0,0,0,0,0,
"Economy, Environment, Health & The NHS, Immigration","Crime & Justice, Culture, Economy, Education, Employment, Energy, Environment, Equality, Europe, Health & The NHS, Housing, Immigration, Science & Technology, Welfare, Sex work",,"They are not part of the 'establishment', Making fighting climate change a priority, Opposition to TTIP (Transatlantic Trade and Investment Partnership)",Green,Yes,Twitter,,0,0,0,0,0,0,0,0,0,0,0,0,0,0,1,0,
"Economy, Employment, Science & Technology, A balanced and deliverable set of policies","Economy, Education, Europe, Health & The NHS","Energy, Science & Technology","They are not part of the 'establishment', Fighting against corporate lobbying, Making fighting climate change a priority",Green,"Yes, and I am a party member",Facebook,28,1,1,0,0,0,0,0,0,0,0,0,0,0,0,0,0,
"Education, Environment, Equality, Health & The NHS","Crime & Justice, Culture, Economy, Education, Employment, Energy, Environment, Equality, Europe, Health & The NHS, Housing, Science & Technology, Welfare","Anti-EU stance","Making fighting climate change a priority, Reform of the voting system",Green,Yes,Facebook,21,0,0,0,0,0,0,0,1,0,0,0,0,0,0,1,0,
"Education, Energy, Environment, Equality","Crime & Justice, Culture, Economy, Education, Employment, Energy, Environment, Equality, Europe, Health & The NHS, Immigration, Welfare",,"Making fighting climate change a priority, Opposition to TTIP (Transatlantic Trade and Investment Partnership)",Green,"Yes, and I am a party member","Green Party Forums",28,1,1,0,0,0,0,0,0,0,0,0,0,0,0,1,0,
"Equality, Europe, Science & Technology, Welfare","Europe, Immigration, Science & Technology",Energy,"Fighting against corporate lobbying, Making fighting climate change a priority, Reform of the voting system",,"Yes, and I am a party member",Facebook,,1,0,0,0,0,0,0,0,0,0,0,0,0,0,1,0,
"Economy, Employment, Equality, Housing","Economy, Employment, Equality, Housing","Immigration, anti-car stuff, speed limits on motorways,","They are not part of the 'establishment'",Green,"Yes, and I am a party member",Facebook,23,0,0,0,0,0,0,0,0,0,0,0,0,0,0,0,0,
"Energy, Equality, Immigration, Science & Technology","Crime & Justice, Culture, Economy, Education, Employment, Energy, Environment, Equality, Europe, Health & The NHS, Housing, Immigration, Science & Technology, Welfare",,"Being internally democratic, Making fighting climate change a priority, Reform of the voting system, Opposition to TTIP (Transatlantic Trade and Investment Partnership)",Green,"Yes, and I am a party member",Facebook,19,0,0,0,0,0,0,0,0,0,0,0,0,0,0,0,0,
"Energy, Environment, Equality, Science & Technology","Economy, Energy, Environment, Science & Technology",Education,"Making fighting climate change a priority",Green,"Yes, and I am a party member",Facebook,23,0,0,0,0,0,0,0,0,0,0,0,0,0,0,0,0,
"Economy, Health & The NHS, Promises that can reasonably be delivered, Transport/infrastructure","Crime & Justice, Environment, Health & The NHS, Housing, Immigration, Science & Technology, Welfare, Don't know all of them, so left some blank.","Economy, Foreign Policy","Fighting against state surveillance, Creating Eurasian rather than Transatlantic alliances",Green,"Yes, and I am a party member",Reddit,21,1,0,0,0,0,0,0,0,0,0,0,0,0,0,0,0,
"Employment, Equality, Health & The NHS, Welfare","Employment, Equality, Health & The NHS, Welfare",Environment,,Green,Yes,Twitter,17,0,0,0,0,0,0,0,0,0,0,0,0,0,0,0,0,
"Crime & Justice, Economy, Employment, Health & The NHS","Equality, Housing","Energy, Science & Technology","Fighting against corporate lobbying, Fighting against state surveillance","Scottish Nationals","Yes, if changes made",Twitter,45,1,1,0,0,0,0,1,0,0,0,0,0,0,0,0,0,
"Education, Equality, A balanced and deliverable set of policies, Promises that can reasonably be delivered","Education, Employment, Environment, Health & The NHS",Europe,,,Yes,Twitter,,0,0,0,0,0,0,0,0,0,0,0,0,0,0,0,0,
"Economy, Equality, Health & The NHS, Promises that can reasonably be delivered","Health & The NHS, Welfare","Science & Technology","Fighting against corporate lobbying, Opposition to TTIP (Transatlantic Trade and Investment Partnership)",,No,Twitter,64,0,0,0,0,0,0,0,0,0,0,0,0,0,0,0,0,
"Environment, Equality, Europe, Housing","Energy, Environment, Equality, Europe, Housing, Welfare",,"They are not part of the 'establishment', Being internally democratic, Making fighting climate change a priority, Reform of the voting system",,Yes,Twitter,74,0,0,0,0,0,0,0,0,0,0,0,0,0,0,0,0,
"Education, Employment, Health & The NHS, Welfare","Education, Energy, Environment, Equality, Health & The NHS, Welfare","Science & Technology","Fighting against corporate lobbying, Fighting against state surveillance, Making fighting climate change a priority, Reform of the voting system",Green,Yes,Twitter,35,0,0,0,0,0,0,0,0,0,0,0,0,0,0,0,0,
"Economy, Energy, Europe, Health & The NHS","Economy, Employment, Health & The NHS, Housing",Energy,"They are not part of the 'establishment', Fighting against corporate lobbying, Making fighting climate change a priority, Opposition to TTIP (Transatlantic Trade and Investment Partnership)",Green,Yes,Twitter,65,1,0,0,0,0,0,0,0,0,0,0,0,0,0,0,0,
"Environment, Housing, Welfare",Environment,"Economy, Europe",,"Plaid Cymru",No,,32,0,0,0,0,0,0,0,0,0,0,0,0,0,0,0,0,
"Energy, Environment, Equality, Europe","Crime & Justice, Energy, Equality, Europe, Immigration",,"Making fighting climate change a priority","Liberal Democrats",Yes,Twitter,27,0,0,0,0,0,0,0,0,0,0,0,0,0,0,0,0,
"Economy, Europe, Science & Technology, A balanced and deliverable set of policies",Europe,"Economy, Energy","Reform of the voting system",Labour,No,Twitter,19,0,0,0,0,0,0,0,0,0,0,0,0,0,0,0,0,
"Science & Technology, Promises that can reasonably be delivered",,,,Conservatives,No,Twitter,23,1,1,0,0,1,0,0,0,0,0,0,0,0,0,0,0,
"Economy, Employment, Housing, A balanced and deliverable set of policies","Europe, Health & The NHS",Energy,"Making fighting climate change a priority, A good protest vote, Opposition to TTIP (Transatlantic Trade and Investment Partnership)",Green,No,Twitter,,1,0,0,0,0,1,0,0,0,0,0,0,0,0,0,0,
"Economy, Employment, Health & The NHS, Housing","Crime & Justice, Culture, Economy, Education, Employment, Energy, Environment, Equality, Europe, Health & The NHS, Housing, Immigration, Science & Technology, Welfare",,"They are not part of the 'establishment', Fighting against corporate lobbying, Being internally democratic, Reform of the voting system","Liberal Democrats",Yes,Twitter,24,0,0,0,0,0,0,0,0,0,1,0,0,0,0,1,0,
"Economy, Education, Employment, Equality","Crime & Justice, Energy, Environment","Economy, Housing",,"Liberal Democrats","Yes, if changes made",Twitter,30,0,0,0,0,0,0,0,0,0,0,0,0,0,0,0,0,
"Equality, Health & The NHS, Housing, Disability","Energy, Environment, Health & The NHS, Housing",,"Fighting against corporate lobbying, Fighting against state surveillance, Making fighting climate change a priority",Labour,Yes,Twitter,44,0,0,0,0,0,0,0,0,0,0,0,0,0,0,0,0,
"Education, Environment, Equality, Health & The NHS",,,"Fighting against corporate lobbying, Reform of the voting system",Green,No,Twitter,50,0,0,0,0,0,0,0,0,0,0,0,0,0,0,0,0,
"Education, Health & The NHS, Science & Technology, Welfare","Economy, Energy, Environment, Health & The NHS",,"Fighting against corporate lobbying, Making fighting climate change a priority",Labour,"Yes, and I am a party member",Twitter,38,1,0,0,0,0,0,0,0,0,0,0,0,0,0,0,0,
"Education, Employment, Immigration, Promises that can reasonably be delivered",,"Economy, Energy, Immigration, Science & Technology","Making fighting climate change a priority","UK Independence",No,Reddit,18,0,0,0,0,0,0,0,0,0,0,0,0,0,0,0,0,
"Employment, Environment, Equality, Health & The NHS","Crime & Justice, Economy, Education, Employment, Energy, Environment, Equality, Europe, Health & The NHS, Housing, Immigration, Science & Technology, Welfare","Culture, Need more focus on women's rights","Fighting against corporate lobbying, Making fighting climate change a priority, Opposition to TTIP (Transatlantic Trade and Investment Partnership)",Green,Yes,Twitter,48,0,0,0,0,0,0,0,0,0,0,0,0,0,0,0,0,
Equality,Equality,,"Fighting against corporate lobbying, Opposition to TTIP (Transatlantic Trade and Investment Partnership)",,"Yes, if changes made",Twitter,54,0,0,0,0,0,0,0,0,0,0,0,0,0,0,0,0,
"Economy, Employment, Equality, Health & The NHS","Culture, Economy, Education, Employment, Energy, Environment, Equality, Europe, Health & The NHS, Housing, Immigration, Science & Technology, Welfare","Crime & Justice","Reform of the voting system, Opposition to TTIP (Transatlantic Trade and Investment Partnership)",Green,"Yes, and I am a party member","Green Party Forums",23,0,0,0,0,0,0,0,0,0,0,0,0,0,0,0,0,
"Employment, Equality, Health & The NHS, Welfare","Crime & Justice, Culture, Economy, Education, Employment, Energy, Environment, Equality, Europe, Health & The NHS, Housing, Immigration, Science & Technology, Welfare",,,Green,Yes,Twitter,45,0,0,0,0,0,0,0,0,1,0,0,0,0,0,0,0,
"Economy, Employment, Housing, A balanced and deliverable set of policies","Culture, Education, Energy, Environment, Equality, Health & The NHS, Welfare","Crime & Justice","Fighting against corporate lobbying, Being internally democratic, Making fighting climate change a priority, Opposition to TTIP in its current proposed form. Not anti free trade in general, but also not reducing standards to US, they can raise up to our aspirations.",Green,No,Twitter,31,0,0,0,1,0,0,0,0,0,0,0,0,0,0,0,0,"Against: Paper candidates"
"Non violence","Economy, Energy, Environment, Equality, Europe, Health & The NHS, Housing",,"They are not part of the 'establishment'",,"Yes, and I am a party member",Twitter,38,0,0,0,0,0,0,0,0,0,0,0,0,0,0,0,0,
"Economy, Education, Energy, A balanced and deliverable set of policies","Housing, Immigration, Science & Technology","Animal rights","Making fighting climate change a priority, A good protest vote, Extending choice for voters",Labour,No,Twitter,45,0,1,0,0,1,1,0,0,0,0,0,0,0,1,0,0,
"Education, Environment, Health & The NHS, Welfare","Crime & Justice, Culture, Economy, Education, Employment, Energy, Environment, Health & The NHS, Housing, Welfare",,"Fighting against corporate lobbying, Fighting against state surveillance, Being internally democratic, Making fighting climate change a priority, Reform of the voting system, A good protest vote, Opposition to TTIP (Transatlantic Trade and Investment Partnership), Safeguarding children's right to play",Labour,Yes,"Green Party Forums",79,0,0,0,0,0,0,0,0,0,0,0,0,0,0,0,0,
"Employment, Environment, A balanced and deliverable set of policies, Promises that can reasonably be delivered","Education, Employment, Energy, Environment, Europe, Housing, Science & Technology, Welfare",,"Fighting against corporate lobbying, Being internally democratic, Making fighting climate change a priority",Green,"Yes, and I am a party member","Green Party Forums",25,0,0,0,0,0,0,0,0,0,0,0,0,0,0,0,0,
"Employment, Housing, A balanced and deliverable set of policies, Promises that can reasonably be delivered","Energy, Environment, Equality, Health & The NHS","Economy, Science & Technology","Making fighting climate change a priority, A good protest vote, Opposition to TTIP (Transatlantic Trade and Investment Partnership)",Green,"Yes, if changes made","Green Party Forums",16,0,0,1,0,0,0,0,0,0,0,0,1,0,0,0,0,
,,,,,,,,0,0,0,0,0,0,0,0,0,0,0,0,0,0,0,0,
